jid,formula,n_atoms_prim,n_li,ehull_eV_atom,spg_number,label_voltage_V,li_min_avg_voltage_V,bin,target_bin,selection,functional,e_li_metal,rationale
JVASP-156413,LiHgPb,3,1,0.0,216,0.071,0.9105770587921144,0,0,primary,pbe,-1.9031,tier-1 held-out test id; in Li screening pool; primitive cell <=20 atoms; ehull<=0.10 eV/atom; no f-block; stratified 5 per 1 V bin over 0-6 V (seed 20260924)
JVASP-153679,Sr2LiFe2N3,16,2,0.0084,15,0.559,0.9166595935821532,0,0,primary,optb88vdw,-0.9646,tier-1 held-out test id; in Li screening pool; primitive cell <=20 atoms; ehull<=0.10 eV/atom; no f-block; stratified 5 per 1 V bin over 0-6 V (seed 20260924)
JVASP-152186,Sr2LiGe3,12,2,0.0,69,0.666,0.6818481683731079,0,0,primary,pbe,-1.9031,tier-1 held-out test id; in Li screening pool; primitive cell <=20 atoms; ehull<=0.10 eV/atom; no f-block; stratified 5 per 1 V bin over 0-6 V (seed 20260924)
JVASP-155665,Li2YSn2,5,2,0.0385,139,0.686,1.063126027584076,0,0,primary,pbe,-1.9031,tier-1 held-out test id; in Li screening pool; primitive cell <=20 atoms; ehull<=0.10 eV/atom; no f-block; stratified 5 per 1 V bin over 0-6 V (seed 20260924)
JVASP-153084,Sr3Li4Si2N6,15,4,0.0,12,0.762,2.0420117378234863,0,0,primary,optb88vdw,-0.9646,tier-1 held-out test id; in Li screening pool; primitive cell <=20 atoms; ehull<=0.10 eV/atom; no f-block; stratified 5 per 1 V bin over 0-6 V (seed 20260924)
JVASP-145396,LiInTe6Mo6,14,1,0.0109,174,1.087,0.894416093826294,1,1,primary,pbe,-1.9031,tier-1 held-out test id; in Li screening pool; primitive cell <=20 atoms; ehull<=0.10 eV/atom; no f-block; stratified 5 per 1 V bin over 0-6 V (seed 20260924)
JVASP-156260,LiAgSn,6,2,0.0396,194,1.171,1.2802265882492063,1,1,primary,optb88vdw,-0.9646,tier-1 held-out test id; in Li screening pool; primitive cell <=20 atoms; ehull<=0.10 eV/atom; no f-block; stratified 5 per 1 V bin over 0-6 V (seed 20260924)
JVASP-156275,LiYPb,6,2,0.0,194,1.656,0.5600554943084717,1,1,primary,optb88vdw,-0.9646,tier-1 held-out test id; in Li screening pool; primitive cell <=20 atoms; ehull<=0.10 eV/atom; no f-block; stratified 5 per 1 V bin over 0-6 V (seed 20260924)
JVASP-155457,SrLi2GeS4,8,2,0.0,121,1.712,2.221913576126098,1,1,primary,pbe,-1.9031,tier-1 held-out test id; in Li screening pool; primitive cell <=20 atoms; ehull<=0.10 eV/atom; no f-block; stratified 5 per 1 V bin over 0-6 V (seed 20260924)
JVASP-155432,Li2SnGeS4,8,2,0.0,121,1.959,2.5164334774017334,1,1,primary,pbe,-1.9031,tier-1 held-out test id; in Li screening pool; primitive cell <=20 atoms; ehull<=0.10 eV/atom; no f-block; stratified 5 per 1 V bin over 0-6 V (seed 20260924)
JVASP-154072,LiInMo3O8,13,1,0.0,156,2.009,3.6166512966156006,2,2,primary,pbe,-1.9031,tier-1 held-out test id; in Li screening pool; primitive cell <=20 atoms; ehull<=0.10 eV/atom; no f-block; stratified 5 per 1 V bin over 0-6 V (seed 20260924)
JVASP-155997,Li2MnRh,4,2,0.0,216,2.234,1.1406300067901611,2,2,primary,pbe,-1.9031,tier-1 held-out test id; in Li screening pool; primitive cell <=20 atoms; ehull<=0.10 eV/atom; no f-block; stratified 5 per 1 V bin over 0-6 V (seed 20260924)
JVASP-145578,LiVCoO4,14,2,0.0267,63,2.831,3.377398729324341,2,2,primary,pbe,-1.9031,tier-1 held-out test id; in Li screening pool; primitive cell <=20 atoms; ehull<=0.10 eV/atom; no f-block; stratified 5 per 1 V bin over 0-6 V (seed 20260924)
JVASP-154963,LiScSi2O6,20,2,0.0,15,2.839,5.042822599411011,2,2,primary,optb88vdw,-0.9646,tier-1 held-out test id; in Li screening pool; primitive cell <=20 atoms; ehull<=0.10 eV/atom; no f-block; stratified 5 per 1 V bin over 0-6 V (seed 20260924)
JVASP-146076,Li5Mn4O8,17,5,0.0822,8,2.993,4.43704571723938,2,2,primary,pbe,-1.9031,tier-1 held-out test id; in Li screening pool; primitive cell <=20 atoms; ehull<=0.10 eV/atom; no f-block; stratified 5 per 1 V bin over 0-6 V (seed 20260924)
JVASP-145531,Li3V5O12,20,3,0.0436,5,3.158,3.3884011109670005,3,3,primary,pbe,-1.9031,tier-1 held-out test id; in Li screening pool; primitive cell <=20 atoms; ehull<=0.10 eV/atom; no f-block; stratified 5 per 1 V bin over 0-6 V (seed 20260924)
JVASP-145589,LiMnVO4,14,2,0.0123,74,3.335,3.91681170463562,3,3,primary,pbe,-1.9031,tier-1 held-out test id; in Li screening pool; primitive cell <=20 atoms; ehull<=0.10 eV/atom; no f-block; stratified 5 per 1 V bin over 0-6 V (seed 20260924)
JVASP-148118,LiTaO3,20,4,0.093,62,3.462,4.62256646156311,3,3,primary,pbe,-1.9031,tier-1 held-out test id; in Li screening pool; primitive cell <=20 atoms; ehull<=0.10 eV/atom; no f-block; stratified 5 per 1 V bin over 0-6 V (seed 20260924)
JVASP-147478,Li3MnCoO5,20,6,0.0505,8,3.551,4.345905860265096,3,3,primary,pbe,-1.9031,tier-1 held-out test id; in Li screening pool; primitive cell <=20 atoms; ehull<=0.10 eV/atom; no f-block; stratified 5 per 1 V bin over 0-6 V (seed 20260924)
JVASP-147673,LiMn3O6,20,2,0.0693,9,3.73,3.685174226760864,3,3,primary,pbe,-1.9031,tier-1 held-out test id; in Li screening pool; primitive cell <=20 atoms; ehull<=0.10 eV/atom; no f-block; stratified 5 per 1 V bin over 0-6 V (seed 20260924)
JVASP-147554,LiCrCdF6,18,2,0.0,163,4.176,6.735426902770996,4,4,primary,pbe,-1.9031,tier-1 held-out test id; in Li screening pool; primitive cell <=20 atoms; ehull<=0.10 eV/atom; no f-block; stratified 5 per 1 V bin over 0-6 V (seed 20260924)
JVASP-147470,LiAuS4O14,20,1,0.0,2,4.24,5.654541969299316,4,4,primary,pbe,-1.9031,tier-1 held-out test id; in Li screening pool; primitive cell <=20 atoms; ehull<=0.10 eV/atom; no f-block; stratified 5 per 1 V bin over 0-6 V (seed 20260924)
JVASP-145960,Li8MnO6,15,8,0.0191,148,4.721,4.428804695606232,4,4,primary,pbe,-1.9031,tier-1 held-out test id; in Li screening pool; primitive cell <=20 atoms; ehull<=0.10 eV/atom; no f-block; stratified 5 per 1 V bin over 0-6 V (seed 20260924)
JVASP-147666,Li7FeO6,14,7,0.0217,146,4.825,4.392131090164185,4,4,primary,pbe,-1.9031,tier-1 held-out test id; in Li screening pool; primitive cell <=20 atoms; ehull<=0.10 eV/atom; no f-block; stratified 5 per 1 V bin over 0-6 V (seed 20260924)
JVASP-151060,LiCoF4,12,2,0.0001,14,4.995,5.911108732223511,4,4,primary,pbe,-1.9031,tier-1 held-out test id; in Li screening pool; primitive cell <=20 atoms; ehull<=0.10 eV/atom; no f-block; stratified 5 per 1 V bin over 0-6 V (seed 20260924)
JVASP-153859,Li6PClO5,13,6,0.0,216,5.036,4.452643871307373,5,5,primary,pbe,-1.9031,tier-1 held-out test id; in Li screening pool; primitive cell <=20 atoms; ehull<=0.10 eV/atom; no f-block; stratified 5 per 1 V bin over 0-6 V (seed 20260924)
JVASP-145831,LiZnRhF6,18,2,0.0,102,5.073,5.232721567153931,5,5,primary,pbe,-1.9031,tier-1 held-out test id; in Li screening pool; primitive cell <=20 atoms; ehull<=0.10 eV/atom; no f-block; stratified 5 per 1 V bin over 0-6 V (seed 20260924)
JVASP-146008,Li2BF5,16,4,0.0081,141,5.358,6.601532220840454,5,5,primary,pbe,-1.9031,tier-1 held-out test id; in Li screening pool; primitive cell <=20 atoms; ehull<=0.10 eV/atom; no f-block; stratified 5 per 1 V bin over 0-6 V (seed 20260924)
JVASP-147415,Li2VF5,16,4,0.0209,15,5.529,5.788200616836548,5,5,primary,optb88vdw,-0.9646,tier-1 held-out test id; in Li screening pool; primitive cell <=20 atoms; ehull<=0.10 eV/atom; no f-block; stratified 5 per 1 V bin over 0-6 V (seed 20260924)
JVASP-149914,LiBiF6,8,1,0.0,148,5.987,6.198946237564087,5,5,primary,pbe,-1.9031,tier-1 held-out test id; in Li screening pool; primitive cell <=20 atoms; ehull<=0.10 eV/atom; no f-block; stratified 5 per 1 V bin over 0-6 V (seed 20260924)
