jid,formula,n_li,functional,e_li_metal,label_V,e_lith,e_delith,dft_V,error_V,status
JVASP-156413,LiHgPb,1,pbe,-1.9031,0.071,-6.11862642,-3.05607843,1.15944799,1.0884479900000001,"done (results/OUTCAR, results/OUTCAR)"
JVASP-153679,Sr2LiFe2N3,2,optb88vdw,-0.9778,0.559,-55.60085243,-50.76538411,1.439934160000002,0.8809341600000019,"done (results/OUTCAR, results/OUTCAR)"
JVASP-152186,Sr2LiGe3,2,pbe,-1.9031,0.666,-44.18114548,-38.75148092,0.8117322799999995,0.1457322799999995,"done (results/OUTCAR, results/OUTCAR)"
JVASP-155665,Li2YSn2,2,pbe,-1.9031,0.686,-20.50765528,-14.41463558,1.1434098500000005,0.45740985000000045,"done (results/OUTCAR, results/OUTCAR)"
JVASP-153084,Sr3Li4Si2N6,4,optb88vdw,-0.9778,0.762,-67.41527497,-51.79845089,2.92640602,2.16440602,"done (results/OUTCAR, results/OUTCAR)"
JVASP-145396,LiInTe6Mo6,1,pbe,-1.9031,1.087,-62.03454076,-58.8244943,1.306946460000001,0.21994646000000095,"done (results/OUTCAR, results/OUTCAR)"
JVASP-156260,LiAgSn,2,optb88vdw,-0.9778,1.171,-3.82638951,0.55448073,1.21263512,0.041635120000000025,"done (results/OUTCAR, results/OUTCAR)"
JVASP-156275,LiYPb,2,optb88vdw,-0.9778,1.656,-13.90309948,-10.13094079,0.9082793449999997,-0.7477206550000002,"done (results/OUTCAR, results/OUTCAR)"
JVASP-155457,SrLi2GeS4,2,pbe,-1.9031,1.712,-36.4937301,-26.16185515,3.2628374749999995,1.5508374749999996,"done (results/OUTCAR, results/OUTCAR)"
JVASP-155432,Li2SnGeS4,2,pbe,-1.9031,1.959,-34.79478388,-24.88529514,3.051644369999998,1.0926443699999981,"done (results/OUTCAR, results/OUTCAR)"
JVASP-154072,LiInMo3O8,1,pbe,-1.9031,2.009,-87.14487542,-82.79714904,2.4446263800000114,0.4356263800000115,"done (results/OUTCAR, results/OUTCAR)"
JVASP-155997,Li2MnRh,2,pbe,-1.9031,2.234,-18.55218192,-11.98069775,1.3826420849999999,-0.8513579150000001,"done (results/OUTCAR, results/OUTCAR)"
JVASP-145578,LiVCoO4,2,pbe,-1.9031,2.831,-91.49288445,-81.38222234,3.1522310550000032,0.32123105500000326,"done (results/OUTCAR, results/OUTCAR)"
JVASP-154963,LiScSi2O6,2,optb88vdw,-0.9778,2.839,-126.21988053,-113.40864358,5.427818474999997,2.588818474999997,"done (results/OUTCAR, results/OUTCAR)"
JVASP-146076,Li5Mn4O8,5,pbe,-1.9031,2.993,-108.52086293,-84.68548321,2.8639759440000008,-0.1290240559999991,"done (results/OUTCAR, results/OUTCAR)"
JVASP-145531,Li3V5O12,3,pbe,-1.9031,3.158,-142.00779831,-126.00108577,3.432470846666665,0.2744708466666652,"done (results/OUTCAR, results/OUTCAR)"
JVASP-145589,LiMnVO4,2,pbe,-1.9031,3.335,-99.01865937,-87.74558298,3.7334381949999997,0.3984381949999998,"done (results/OUTCAR, results/OUTCAR)"
JVASP-148118,LiTaO3,4,pbe,-1.9031,3.462,-166.56959395,-140.40354521,4.638412185000002,1.1764121850000016,"done (results/OUTCAR, results/OUTCAR)"
JVASP-147478,Li3MnCoO5,6,pbe,-1.9031,3.551,-118.53940507,-82.42348523,4.116219973333334,0.5652199733333338,"done (results/OUTCAR, results/OUTCAR)"
JVASP-147673,LiMn3O6,2,pbe,-1.9031,3.73,-137.95553538,-127.24398143,3.4526769749999904,-0.2773230250000096,"done (results/OUTCAR, results/OUTCAR)"
JVASP-147554,LiCrCdF6,2,pbe,-1.9031,4.176,-89.21418569,-73.60787801,5.90005384,1.7240538399999998,"done (results/OUTCAR, results/OUTCAR)"
JVASP-147470,LiAuS4O14,1,pbe,-1.9031,4.24,-114.23489319,-106.27054195,6.061251239999999,1.8212512399999987,"done (results/OUTCAR, results/OUTCAR)"
JVASP-145960,Li8MnO6,8,pbe,-1.9031,4.721,-79.73648744,-37.45190955,3.38247223625,-1.3385277637500002,"done (results/OUTCAR, results/OUTCAR)"
JVASP-147666,Li7FeO6,7,pbe,-1.9031,4.825,-71.59581922,-29.01011717,4.180571721428571,-0.6444282785714295,"done (results/OUTCAR, results/OUTCAR)"
JVASP-151060,LiCoF4,2,pbe,-1.9031,4.995,-54.84470428,-39.01533066,6.0115868100000025,1.0165868100000024,"done (results/OUTCAR, results/OUTCAR)"
JVASP-153859,Li6PClO5,6,pbe,-1.9031,5.036,-72.06958991,-34.44116473,4.368304196666668,-0.6676958033333316,"done (results/OUTCAR, results/OUTCAR)"
JVASP-145831,LiZnRhF6,2,pbe,-1.9031,5.073,-80.62700756,-66.93429599,4.943255785,-0.12974421500000055,"done (results/OUTCAR, results/OUTCAR)"
JVASP-146008,Li2BF5,4,pbe,-1.9031,5.358,-85.98661506,-49.22169082,7.288131060000001,1.9301310600000017,"done (results/OUTCAR, results/OUTCAR)"
JVASP-147415,Li2VF5,4,optb88vdw,-0.9778,5.529,-59.57496412,-31.96455993,5.924801047499999,0.3958010474999991,"done (results/OUTCAR, results/OUTCAR)"
JVASP-149914,LiBiF6,1,pbe,-1.9031,5.987,-33.91011224,-24.46471462,7.542297619999998,1.5552976199999975,"done (results/OUTCAR, results/OUTCAR)"
