jid,n_atoms,label,pred_relaxed,pred_noise0.05_d0,pred_noise0.05_d1,pred_noise0.05_d2,pred_noise0.10_d0,pred_noise0.10_d1,pred_noise0.10_d2,pred_alignnff_relaxed,ff_fmax_eV_A,ff_dvol_frac,ff_seconds
JVASP-137589,24,3.263000011444092,3.260073661804199,3.2648441791534424,3.265249013900757,3.30985689163208,3.2393152713775635,3.271900177001953,3.3142151832580566,,,,
JVASP-137590,24,3.2100000381469727,3.184718132019043,3.188422203063965,3.2402610778808594,3.165928363800049,3.2264657020568848,3.240748405456543,3.2352468967437744,,,,
JVASP-137303,28,3.7100000381469727,3.0028796195983887,2.951148509979248,3.066049575805664,2.913418769836426,2.916512966156006,2.985051155090332,2.9205410480499268,,,,
JVASP-137313,20,2.8929998874664307,2.947141647338867,2.850710153579712,2.863490104675293,2.971541166305542,2.910234212875366,2.9867656230926514,2.805375814437866,,,,
JVASP-137307,27,3.5910000801086426,3.546198844909668,3.554542064666748,3.577866315841675,3.5968079566955566,3.529268980026245,3.5408287048339844,3.4365644454956055,,,,
JVASP-137298,24,2.6579999923706055,2.84334659576416,2.852566719055176,2.816344738006592,2.7946460247039795,2.865561008453369,2.78200626373291,2.766477108001709,,,,
JVASP-137299,17,2.8010001182556152,2.743788480758667,2.968872547149658,2.8909597396850586,2.901827335357666,3.0620994567871094,2.9797732830047607,3.0405173301696777,,,,
JVASP-133656,24,3.252000093460083,3.2768490314483643,3.3160908222198486,3.2640838623046875,3.356781005859375,3.234663724899292,3.2241954803466797,3.2003302574157715,,,,
JVASP-156920,4,0.9359999895095825,0.5275506377220154,0.5038371682167053,0.533494234085083,0.5132191181182861,0.42489078640937805,0.4333699643611908,0.43598872423171997,,,,
JVASP-145769,12,7.01200008392334,7.049137115478516,7.069354057312012,6.980305194854736,6.82951021194458,6.599489212036133,6.685791492462158,6.69210147857666,,,,
JVASP-157119,4,-0.47699999809265137,-0.5863022804260254,-0.5601667165756226,-0.5737247467041016,-0.5606188774108887,-0.48548683524131775,-0.5859179496765137,-0.5182514786720276,,,,
JVASP-145972,28,3.0269999504089355,2.9627692699432373,2.9527294635772705,2.9675750732421875,2.9715232849121094,2.9751944541931152,2.9459424018859863,3.0448672771453857,,,,
JVASP-157120,4,-0.609000027179718,-0.9757002592086792,-0.9804352521896362,-0.9726730585098267,-0.9787818193435669,-0.8370436429977417,-0.6764388084411621,-0.7389776706695557,,,,
JVASP-153738,16,2.2239999771118164,2.2613894939422607,2.2251734733581543,2.1815903186798096,2.1927380561828613,2.1722755432128906,2.1406493186950684,2.241121292114258,,,,
JVASP-145775,16,3.052999973297119,3.021040916442871,3.0278968811035156,3.016007423400879,3.0768649578094482,3.069758892059326,3.0870683193206787,3.1281092166900635,,,,
JVASP-146722,30,3.006999969482422,3.1228504180908203,3.0305209159851074,3.1083130836486816,3.072230100631714,3.1744039058685303,3.0724306106567383,3.112260580062866,,,,
JVASP-147488,18,3.740000009536743,3.480337381362915,3.5217905044555664,3.4817967414855957,3.402279853820801,3.5346198081970215,3.490180730819702,3.567368268966675,,,,
JVASP-150439,9,1.3799999952316284,2.1422805786132812,2.1262388229370117,2.115579605102539,2.095489025115967,2.074753522872925,2.0782923698425293,2.0688915252685547,,,,
JVASP-157133,4,-1.4900000095367432,-0.7720242738723755,-0.7167578339576721,-0.7131545543670654,-0.6432639360427856,-0.6842892169952393,-0.6766918897628784,-0.5187411308288574,,,,
JVASP-154901,20,3.4700000286102295,3.574984073638916,3.5692570209503174,3.5795228481292725,3.547790765762329,3.5880560874938965,3.6400740146636963,3.603944778442383,,,,
JVASP-157125,4,-0.05299999937415123,-0.7697194218635559,-0.6659891605377197,-0.7478269934654236,-0.7481496334075928,-0.7467780709266663,-0.7316713333129883,-0.5378364324569702,,,,
JVASP-145667,24,3.178999900817871,3.175114631652832,3.1400513648986816,3.1048316955566406,3.1131489276885986,3.173734664916992,3.180933713912964,3.1273512840270996,,,,
JVASP-133713,24,3.2009999752044678,3.1098012924194336,3.203859329223633,3.1636362075805664,3.177767276763916,3.233395576477051,3.214277982711792,3.2175588607788086,,,,
JVASP-145673,28,3.177999973297119,3.326241970062256,3.2672386169433594,3.291846990585327,3.2746481895446777,3.1870970726013184,3.1615662574768066,3.1378579139709473,,,,
JVASP-156943,4,1.3990000486373901,0.8454698920249939,0.8128546476364136,0.805454432964325,0.8217068910598755,0.82826828956604,0.8178404569625854,0.7960412502288818,,,,
JVASP-146723,28,2.8570001125335693,3.035026788711548,3.0316760540008545,3.021117687225342,3.0166711807250977,3.022045612335205,3.011333465576172,3.069047451019287,,,,
JVASP-145990,20,3.385999917984009,3.406583309173584,3.3884401321411133,3.428556442260742,3.3528923988342285,3.2552804946899414,3.4062857627868652,3.364107847213745,,,,
JVASP-151141,11,0.7110000252723694,0.7285412549972534,0.7137688994407654,0.7321157455444336,0.7567905187606812,0.8136894106864929,0.8210819363594055,0.8659777045249939,,,,
JVASP-157149,4,-0.703000009059906,-1.1764508485794067,-1.1579185724258423,-1.147657036781311,-1.1522630453109741,-1.05728280544281,-0.985444188117981,-0.9430924654006958,,,,
JVASP-156748,2,-0.0430000014603138,-0.21817895770072937,-0.2042253017425537,-0.18421012163162231,-0.19093364477157593,-0.18386733531951904,-0.18305033445358276,-0.20133060216903687,,,,
JVASP-145678,28,2.7019999027252197,2.6861963272094727,2.6786551475524902,2.6486799716949463,2.714120864868164,2.693068265914917,2.7027335166931152,2.698154926300049,,,,
JVASP-146928,28,2.9560000896453857,2.9361865520477295,2.9664506912231445,2.9871020317077637,2.9436819553375244,2.960996150970459,3.00307297706604,3.0121521949768066,,,,
JVASP-147136,28,3.367000102996826,3.355541944503784,3.387770414352417,3.36503005027771,3.391803741455078,3.4130821228027344,3.3542933464050293,3.409749984741211,,,,
JVASP-144805,28,3.5190000534057617,3.5555953979492188,3.5667006969451904,3.5400662422180176,3.5197911262512207,3.572176933288574,3.6214208602905273,3.6339707374572754,,,,
JVASP-149815,8,-0.2029999941587448,0.1949249505996704,0.2894374430179596,0.2948184013366699,0.24738481640815735,0.21190986037254333,0.1938173472881317,0.2832774817943573,,,,
JVASP-142082,28,3.5290000438690186,3.569690704345703,3.523423194885254,3.577902317047119,3.543564796447754,3.432042360305786,3.362954616546631,3.379629373550415,,,,
JVASP-144808,24,3.75600004196167,3.727247476577759,3.7984085083007812,3.6559412479400635,3.888575553894043,3.7728071212768555,3.8655612468719482,3.7733147144317627,,,,
JVASP-143121,22,3.5899999141693115,3.4651856422424316,3.4917192459106445,3.458498001098633,3.4643468856811523,3.497551441192627,3.4927725791931152,3.487179756164551,,,,
JVASP-149821,8,0.22300000488758087,0.20961922407150269,0.2558279037475586,0.27343887090682983,0.2373771071434021,0.22897210717201233,0.3013460338115692,0.3345475494861603,,,,
JVASP-145812,24,1.2710000276565552,1.314566731452942,1.3161653280258179,1.349092960357666,1.3063936233520508,1.5047129392623901,1.4161720275878906,1.4340763092041016,,,,
JVASP-155419,8,3.3910000324249268,3.065277099609375,3.158149242401123,3.1800920963287354,3.201061487197876,3.369799852371216,3.1495792865753174,3.3333261013031006,,,,
JVASP-154072,13,2.009000062942505,2.1341710090637207,2.3440024852752686,2.21529483795166,2.128342390060425,2.42319393157959,2.3938310146331787,2.5757789611816406,,,,
JVASP-155422,8,2.2679998874664307,2.228325128555298,2.2011070251464844,2.2321901321411133,2.297872543334961,2.1955056190490723,2.2023706436157227,2.2113122940063477,,,,
JVASP-146577,28,2.9119999408721924,2.913630962371826,2.850719451904297,2.846770763397217,2.943955898284912,2.766857385635376,2.8295958042144775,2.8239006996154785,,,,
JVASP-155429,8,2.115999937057495,2.187335252761841,2.2362892627716064,2.2117385864257812,2.2641429901123047,2.323065757751465,2.162783622741699,2.2185258865356445,,,,
JVASP-155627,5,2.0309998989105225,1.5608116388320923,1.6508830785751343,1.5487494468688965,1.56151282787323,1.5541547536849976,1.5702663660049438,1.5727123022079468,,,,
JVASP-146021,26,4.71999979019165,3.291661262512207,3.368391752243042,3.2996528148651123,3.410066604614258,3.379884719848633,3.391300678253174,3.320349931716919,,,,
JVASP-145831,18,5.072999954223633,4.2251739501953125,4.22558069229126,4.3378472328186035,4.281285762786865,4.351808547973633,4.276747226715088,4.362979412078857,,,,
JVASP-150057,8,2.0209999084472656,1.6197937726974487,1.7511329650878906,1.763794183731079,1.712240219116211,1.8815475702285767,1.8547927141189575,1.9892868995666504,,,,
JVASP-147149,12,4.801000118255615,4.7872395515441895,4.663583278656006,4.74000883102417,4.674185276031494,4.635551929473877,4.514592170715332,4.530872821807861,,,,
JVASP-145513,16,2.556999921798706,2.5814034938812256,2.5454952716827393,2.478668212890625,2.5454580783843994,2.521662712097168,2.488023042678833,2.6086583137512207,,,,
JVASP-146230,21,0.3970000147819519,1.3689944744110107,1.3614723682403564,1.3811805248260498,1.4758929014205933,1.291803240776062,1.3326584100723267,1.3875772953033447,,,,
JVASP-150745,10,2.9119999408721924,2.9088263511657715,2.984590530395508,3.0438594818115234,3.046322822570801,3.129267692565918,3.120539903640747,3.225957155227661,,,,
JVASP-147152,16,2.4079999923706055,2.517033576965332,2.674837350845337,2.6692941188812256,2.7277750968933105,2.8641903400421143,2.544334650039673,2.7016139030456543,,,,
JVASP-151187,11,0.375,0.45287075638771057,0.5192121863365173,0.5443820953369141,0.5423660278320312,0.4573993682861328,0.534873366355896,0.5648769736289978,,,,
JVASP-157025,4,0.48100000619888306,-0.3608568608760834,-0.36530908942222595,-0.3364208936691284,-0.33495813608169556,-0.30198803544044495,-0.33992159366607666,-0.2631191611289978,,,,
JVASP-143266,19,2.878999948501587,2.9981937408447266,2.979113817214966,3.018207550048828,2.9698104858398438,3.08835506439209,2.9463114738464355,2.9222843647003174,,,,
JVASP-147156,28,3.0969998836517334,3.0578701496124268,3.0707013607025146,3.1262500286102295,3.0855884552001953,3.1652579307556152,3.131803274154663,3.1297149658203125,,,,
JVASP-154959,20,4.130000114440918,4.145057678222656,4.233606815338135,4.231974124908447,4.201178550720215,4.240884304046631,4.2830810546875,4.193078517913818,,,,
JVASP-145520,24,5.0960001945495605,4.534716606140137,4.51211404800415,4.454275131225586,4.5931172370910645,4.424989223480225,4.528599739074707,4.5594377517700195,,,,
JVASP-146237,24,3.131999969482422,2.36938214302063,2.647984743118286,2.7481489181518555,2.7122907638549805,2.607085943222046,2.625856876373291,2.6617019176483154,,,,
JVASP-149273,6,1.093999981880188,0.7403325438499451,0.6229892373085022,0.6507320404052734,0.5926675200462341,0.49574530124664307,0.5863416194915771,0.5383421778678894,,,,
JVASP-154963,20,2.8389999866485596,2.709333896636963,2.7312803268432617,2.7104029655456543,2.7179768085479736,2.733086109161377,2.700456142425537,2.747377634048462,,,,
JVASP-151400,11,0.20200000703334808,0.1322244107723236,0.03393373638391495,0.03761366754770279,0.11005241423845291,0.08017168194055557,0.031305499374866486,0.0790208950638771,,,,
JVASP-153815,16,1.7619999647140503,1.857962965965271,1.9026788473129272,1.8473478555679321,1.8941287994384766,1.9238473176956177,1.9985816478729248,1.873850703239441,,,,
JVASP-145531,20,3.1579999923706055,3.113828659057617,3.089228391647339,3.062203884124756,3.112375259399414,3.0994210243225098,3.074059247970581,3.0397162437438965,,,,
JVASP-150075,8,0.1899999976158142,0.17507344484329224,0.10767541080713272,0.09952626377344131,0.13855645060539246,0.1538124680519104,0.09685013443231583,0.059853680431842804,,,,
JVASP-149860,8,2.490999937057495,2.273894786834717,2.2533841133117676,2.207266330718994,2.191540002822876,2.1855125427246094,2.2264091968536377,2.2642769813537598,,,,
JVASP-155648,5,0.7480000257492065,0.8035565614700317,0.7682013511657715,0.8435174226760864,0.873437762260437,0.8687272071838379,0.8727922439575195,0.8214236497879028,,,,
JVASP-153225,13,0.8980000019073486,0.9378488063812256,0.9314919710159302,0.8960920572280884,0.9060187339782715,0.8556017875671387,0.9371001720428467,0.8090311884880066,,,,
JVASP-147167,26,3.5429999828338623,3.524303436279297,3.502840042114258,3.486095428466797,3.500382661819458,3.568824529647827,3.4970316886901855,3.5015621185302734,,,,
JVASP-144856,28,2.380000114440918,2.3581292629241943,2.459348678588867,2.436992883682251,2.391047477722168,2.412046194076538,2.4700260162353516,2.510734796524048,,,,
JVASP-152807,15,2.421999931335449,2.312736988067627,2.2897534370422363,2.3846988677978516,2.3420536518096924,2.2873730659484863,2.2594120502471924,2.106534957885742,,,,
JVASP-145536,24,3.2079999446868896,3.183410406112671,3.214902877807617,3.1780788898468018,3.1767399311065674,3.200788974761963,3.2588963508605957,3.1926779747009277,,,,
JVASP-144858,28,2.938999891281128,2.6215147972106934,2.630709648132324,2.651895523071289,2.59482741355896,2.6935043334960938,2.64306640625,2.7255635261535645,,,,
JVASP-147170,28,3.5260000228881836,3.566322088241577,3.535846710205078,3.5500190258026123,3.574031114578247,3.620400905609131,3.6987218856811523,3.6011786460876465,,,,
JVASP-144857,26,3.263000011444092,3.1757497787475586,3.2145652770996094,3.214977502822876,3.1212668418884277,3.2105722427368164,3.0988476276397705,3.0153748989105225,,,,
JVASP-145869,24,3.493000030517578,3.536684513092041,3.4713149070739746,3.4398539066314697,3.503556966781616,3.5010993480682373,3.528189182281494,3.4862709045410156,,,,
JVASP-144859,24,3.0360000133514404,3.080599069595337,3.1289517879486084,3.151787281036377,3.135432481765747,3.1852920055389404,3.1632766723632812,3.09928560256958,,,,
JVASP-156258,6,1.0379999876022339,0.9169421195983887,0.9247332811355591,0.9468411207199097,0.9708859920501709,0.9448855519294739,0.9809796214103699,1.0203640460968018,,,,
JVASP-151214,12,2.63100004196167,2.6609489917755127,2.692373037338257,2.686711549758911,2.6891016960144043,2.757050037384033,2.6954708099365234,2.6997013092041016,,,,
JVASP-155665,5,0.6859999895095825,0.8407204747200012,0.8406352400779724,0.8296439051628113,0.8308106660842896,0.8519202470779419,0.8122942447662354,0.7597343921661377,,,,
JVASP-153827,16,0.4869999885559082,0.5340771079063416,0.5079741477966309,0.5720878839492798,0.5323126912117004,0.6140362024307251,0.5448086857795715,0.6202692985534668,,,,
JVASP-146971,12,3.2780001163482666,3.2551732063293457,3.2650749683380127,3.274057149887085,3.299738883972168,3.3463003635406494,3.192378044128418,3.286559820175171,,,,
JVASP-150540,10,0.6349999904632568,0.563136637210846,0.5908173322677612,0.5716555714607239,0.5870408415794373,0.5233340263366699,0.4982583224773407,0.5122305750846863,,,,
JVASP-153830,16,3.244999885559082,3.209010124206543,3.0997607707977295,3.2046408653259277,3.1328723430633545,3.147136926651001,3.0915772914886475,3.200364112854004,,,,
JVASP-155671,5,1.2699999809265137,1.2550324201583862,1.1967036724090576,1.160159945487976,1.1364235877990723,1.1933503150939941,1.0288361310958862,1.2170029878616333,,,,
JVASP-146613,28,3.25600004196167,3.2819411754608154,3.221360206604004,3.2331292629241943,3.272228956222534,3.164423942565918,3.1830520629882812,3.1974024772644043,,,,
JVASP-133197,28,3.427999973297119,3.39091157913208,3.4392893314361572,3.481009006500244,3.4292569160461426,3.4042296409606934,3.5020365715026855,3.49552059173584,,,,
JVASP-146614,30,3.194000005722046,3.1113171577453613,3.120213508605957,3.123243808746338,3.1186952590942383,3.0936279296875,3.138028860092163,3.1328165531158447,,,,
JVASP-146066,15,2.3299999237060547,2.4224958419799805,2.3186750411987305,2.38061785697937,2.3684396743774414,2.686983108520508,2.546380043029785,2.424220323562622,,,,
JVASP-146616,22,4.065999984741211,3.996872901916504,4.006941795349121,3.917902946472168,3.9646005630493164,3.8849430084228516,3.9232702255249023,3.883538246154785,,,,
JVASP-145554,28,3.578000068664551,3.3166656494140625,3.369680643081665,3.3614273071289062,3.3478903770446777,3.2921643257141113,3.2976179122924805,3.3321189880371094,,,,
JVASP-145879,20,2.131999969482422,2.1612954139709473,2.0897653102874756,2.1644906997680664,2.1145877838134766,2.181225299835205,2.169429063796997,2.128354072570801,,,,
JVASP-151675,11,3.5950000286102295,3.549055576324463,3.6578547954559326,3.6916987895965576,3.571969509124756,3.6787285804748535,3.8489296436309814,3.7390923500061035,,,,
JVASP-146269,28,3.3499999046325684,3.401895523071289,3.383843183517456,3.4004018306732178,3.396052598953247,3.3684568405151367,3.404506206512451,3.3913235664367676,,,,
JVASP-149902,8,1.1610000133514404,0.5574063658714294,0.5367927551269531,0.39509090781211853,0.5664284825325012,0.5251635909080505,0.5049189329147339,0.3916526138782501,,,,
JVASP-146266,26,3.0869998931884766,3.0340070724487305,3.0116920471191406,3.0357608795166016,2.968146324157715,2.966416120529175,3.0176658630371094,2.925471544265747,,,,
JVASP-144892,28,2.9660000801086426,3.020555019378662,3.0770962238311768,3.059499979019165,2.9887356758117676,3.0093250274658203,3.0376687049865723,3.0791079998016357,,,,
JVASP-153848,16,4.324999809265137,3.9446449279785156,4.017621994018555,3.936286211013794,3.957862615585327,4.0167059898376465,4.010988235473633,3.8789782524108887,,,,
JVASP-146264,30,4.803999900817871,4.790034294128418,4.765679359436035,4.722332954406738,4.743106365203857,4.6498284339904785,4.699975967407227,4.742720603942871,,,,
JVASP-155355,8,1.9259999990463257,1.8933851718902588,1.9212507009506226,1.8740493059158325,1.87413489818573,1.7890655994415283,1.7762728929519653,1.8953953981399536,,,,
JVASP-146082,24,3.4000000953674316,3.409938335418701,3.411433219909668,3.3828186988830566,3.4162685871124268,3.367358922958374,3.4039711952209473,3.337233304977417,,,,
JVASP-146272,22,3.7639999389648438,3.4363105297088623,3.512895107269287,3.4358444213867188,3.511044502258301,3.4689524173736572,3.5279011726379395,3.3996450901031494,,,,
JVASP-154622,16,0.9750000238418579,1.48432195186615,1.4893333911895752,1.4593380689620972,1.4457988739013672,1.4657012224197388,1.4575835466384888,1.4616256952285767,,,,
JVASP-154369,16,4.218999862670898,3.799410343170166,3.789790630340576,3.7523860931396484,3.7230374813079834,3.7776384353637695,3.882584571838379,3.770198345184326,,,,
JVASP-146281,12,2.322999954223633,2.717923641204834,2.801504611968994,2.7701327800750732,2.917449474334717,2.638155221939087,3.006476402282715,2.8701815605163574,,,,
JVASP-154809,20,4.130000114440918,4.143942832946777,4.222199440002441,4.21274995803833,4.14873743057251,4.178238391876221,4.176074504852295,4.312828063964844,,,,
JVASP-146275,24,3.513000011444092,3.486335039138794,3.6995272636413574,3.5539133548736572,3.6170170307159424,3.674872875213623,3.882427215576172,3.599998712539673,,,,
JVASP-146625,15,3.634000062942505,3.6353659629821777,3.640263795852661,3.6531195640563965,3.677990436553955,3.5754284858703613,3.7450664043426514,3.6673502922058105,,,,
JVASP-145690,24,3.4179999828338623,3.39396333694458,3.374082565307617,3.4229896068573,3.4146904945373535,3.5154404640197754,3.5756874084472656,3.472588062286377,,,,
JVASP-147648,20,4.182000160217285,3.7509162425994873,3.903803586959839,3.960937023162842,3.8817484378814697,3.9331769943237305,3.9158377647399902,3.8573503494262695,,,,
JVASP-149914,8,5.986999988555908,4.976079940795898,4.972045421600342,5.0512213706970215,4.925940036773682,5.009089469909668,4.9776930809021,4.818399906158447,,,,
JVASP-157268,4,-0.3720000088214874,-0.2842976748943329,-0.23796314001083374,-0.268898069858551,-0.2698002755641937,-0.26341554522514343,-0.2373533546924591,-0.2566674053668976,,,,
JVASP-154375,16,1.3200000524520874,1.7063032388687134,1.8596305847167969,1.8189568519592285,1.8269426822662354,1.974918246269226,1.8608659505844116,1.822450041770935,,,,
JVASP-153859,13,5.035999774932861,4.506344795227051,4.717161655426025,4.4781012535095215,4.493286609649658,4.566961765289307,4.698989391326904,4.7115397453308105,,,,
JVASP-155704,5,0.628000020980835,0.957394540309906,0.9153432846069336,0.9332014322280884,0.919808030128479,0.8750337958335876,0.8422262668609619,0.8603088855743408,,,,
JVASP-145585,16,4.289999961853027,4.317199230194092,4.391373157501221,4.476885795593262,4.494806289672852,4.7602925300598145,4.650381565093994,4.623748779296875,,,,
JVASP-147666,14,4.824999809265137,4.767586708068848,4.851065158843994,4.8784966468811035,4.73427152633667,5.023004531860352,4.706549644470215,4.943604469299316,,,,
JVASP-145138,20,3.558000087738037,3.561950922012329,3.5638744831085205,3.4869682788848877,3.566174030303955,3.5700302124023438,3.629897117614746,3.6585206985473633,,,,
JVASP-146629,22,3.4089999198913574,3.4593594074249268,3.4882006645202637,3.3740785121917725,3.409381866455078,3.4623844623565674,3.580671787261963,3.545524835586548,,,,
JVASP-145137,16,3.434999942779541,3.372793436050415,3.382101535797119,3.387983560562134,3.3379602432250977,3.5099937915802,3.418654441833496,3.433377742767334,,,,
JVASP-155714,5,0.37400001287460327,0.9004805088043213,0.9294968247413635,0.9378979206085205,0.9249866008758545,0.8898858428001404,0.978287398815155,0.9694580435752869,,,,
JVASP-151870,12,4.994999885559082,4.898783206939697,4.850346565246582,4.873423099517822,4.838572025299072,4.873218536376953,4.8016037940979,4.755220413208008,,,,
JVASP-147415,16,5.5289998054504395,5.598917007446289,5.43142557144165,5.241211891174316,5.490011215209961,5.073297023773193,5.45176362991333,5.464117050170898,,,,
JVASP-145149,16,3.4619998931884766,3.4518632888793945,3.432029962539673,3.482959747314453,3.4103822708129883,3.538221597671509,3.4499354362487793,3.7462446689605713,,,,
JVASP-154186,16,2.5290000438690186,2.673978328704834,2.6912639141082764,2.7000789642333984,2.748861789703369,2.7401185035705566,2.6311051845550537,2.6718568801879883,,,,
JVASP-145593,24,3.265000104904175,3.2172350883483887,3.2202889919281006,3.159719467163086,3.2294530868530273,3.1689858436584473,3.1559371948242188,3.1732378005981445,,,,
JVASP-145151,20,3.509999990463257,3.5018632411956787,3.4871439933776855,3.457663059234619,3.559635639190674,3.6132562160491943,3.878443956375122,3.5876376628875732,,,,
JVASP-145153,24,3.4119999408721924,3.391343116760254,3.4134294986724854,3.404200553894043,3.4288949966430664,3.4393856525421143,3.439293384552002,3.500004768371582,,,,
JVASP-147419,28,3.375999927520752,3.212437629699707,3.200676441192627,3.243425130844116,3.282243013381958,3.2354013919830322,3.295375108718872,3.2399089336395264,,,,
JVASP-145597,28,3.885999917984009,3.8769545555114746,3.810807704925537,3.8367936611175537,3.860398530960083,3.8221864700317383,3.840970993041992,3.751816987991333,,,,
JVASP-147710,28,3.190000057220459,3.117032051086426,3.2099947929382324,3.190338611602783,3.16109561920166,3.177429676055908,3.125854015350342,3.1742215156555176,,,,
JVASP-146109,16,3.1600000858306885,3.1988625526428223,3.194155216217041,3.1848630905151367,3.193721294403076,3.199019432067871,3.24272084236145,3.2191848754882812,,,,
JVASP-147422,24,2.305999994277954,2.2852096557617188,2.3125979900360107,2.2986605167388916,2.303457498550415,2.297880172729492,2.3578264713287354,2.3155856132507324,,,,
JVASP-145392,18,1.2419999837875366,1.1968672275543213,1.1231609582901,1.1282191276550293,1.153768539428711,1.106518030166626,1.082794189453125,1.1082831621170044,,,,
JVASP-145391,20,3.434000015258789,3.3467893600463867,3.3125905990600586,3.246265411376953,3.2732090950012207,3.3244171142578125,3.255554437637329,3.354851245880127,,,,
JVASP-145396,14,1.0870000123977661,0.6086827516555786,0.7061902284622192,0.6874150037765503,0.6728448271751404,0.8197609186172485,0.768679678440094,0.8777705430984497,,,,
JVASP-152387,12,1.159999966621399,1.1117743253707886,1.0262483358383179,1.123059868812561,1.0786207914352417,1.10293447971344,1.0846837759017944,1.0841375589370728,,,,
JVASP-145165,28,3.2980000972747803,3.2367300987243652,3.265529155731201,3.209923028945923,3.2244741916656494,3.204779624938965,3.225823402404785,3.1943349838256836,,,,
JVASP-145603,14,3.36299991607666,3.3391809463500977,3.359617233276367,3.346414089202881,3.329129695892334,3.381497383117676,3.432389259338379,3.466057777404785,,,,
JVASP-147425,24,3.6640000343322754,3.7498931884765625,3.798267364501953,3.7783474922180176,3.7753829956054688,3.8326196670532227,3.758087396621704,3.815812110900879,,,,
JVASP-145604,16,3.4749999046325684,3.4988884925842285,3.410696029663086,3.434386730194092,3.40444278717041,3.4364635944366455,3.4176955223083496,3.4907898902893066,,,,
JVASP-133554,24,3.111999988555908,3.1230642795562744,3.127749443054199,3.150864362716675,3.1340861320495605,3.1416053771972656,3.0804941654205322,3.1090800762176514,,,,
JVASP-146324,24,3.5899999141693115,3.558056354522705,3.602276563644409,3.569430351257324,3.5481057167053223,3.6056928634643555,3.6394057273864746,3.690920114517212,,,,
JVASP-145936,14,2.563999891281128,2.5707764625549316,2.3927865028381348,2.4584898948669434,2.401913642883301,2.4800703525543213,2.403402805328369,2.4011752605438232,,,,
JVASP-149170,6,0.7210000157356262,0.5408291220664978,0.5408581495285034,0.5563833713531494,0.543348491191864,0.573160707950592,0.572910726070404,0.5782618522644043,,,,
JVASP-150397,9,0.23000000417232513,0.19786807894706726,0.24590882658958435,0.24672099947929382,0.2426319420337677,0.2698316276073456,0.227469801902771,0.3555714190006256,,,,
JVASP-147243,24,3.7320001125335693,3.7165613174438477,3.7206859588623047,3.710477828979492,3.7166380882263184,3.796308994293213,3.772599697113037,3.868358850479126,,,,
JVASP-146332,24,3.303999900817871,3.2948367595672607,3.3238210678100586,3.310530662536621,3.3647308349609375,3.4768967628479004,3.624222755432129,3.3853609561920166,,,,
JVASP-154237,16,3.3329999446868896,3.1889004707336426,3.1008434295654297,3.131413459777832,3.1315653324127197,3.0005054473876953,3.099261522293091,3.1443209648132324,,,,
JVASP-146110,28,2.265000104904175,2.231724739074707,2.2326760292053223,2.3376095294952393,2.3143162727355957,2.2412209510803223,2.372051239013672,2.4814953804016113,,,,
JVASP-147437,28,3.2669999599456787,3.2370855808258057,3.245429039001465,3.2166361808776855,3.220536231994629,3.2105727195739746,3.223076820373535,3.172579765319824,,,,
JVASP-146337,28,3.2339999675750732,3.178483009338379,3.1951358318328857,3.168390989303589,3.1567883491516113,3.189469814300537,3.1588785648345947,3.185877561569214,,,,
JVASP-145949,20,3.0850000381469727,3.2123775482177734,3.2093358039855957,3.3011772632598877,3.218834638595581,3.2928919792175293,3.2534966468811035,3.274249792098999,,,,
JVASP-145186,16,0.4699999988079071,0.4041883647441864,0.3944335877895355,0.40807363390922546,0.4137314260005951,0.3963523209095001,0.4306657910346985,0.4161681830883026,,,,
JVASP-145954,18,3.296999931335449,3.347656726837158,3.3485069274902344,3.3306236267089844,3.3149096965789795,3.350064277648926,3.2991528511047363,3.3271379470825195,,,,
JVASP-147250,28,3.6630001068115234,3.5183465480804443,3.521055221557617,3.572268009185791,3.541917324066162,3.5334432125091553,3.6319503784179688,3.664781332015991,,,,
JVASP-145952,24,2.9070000648498535,2.886593818664551,2.8262686729431152,2.810091972351074,2.8130648136138916,2.8401131629943848,2.8192169666290283,2.8226001262664795,,,,
JVASP-147249,20,3.3369998931884766,3.3058886528015137,3.3167920112609863,3.305281400680542,3.3275468349456787,3.3705029487609863,3.4145545959472656,3.3674428462982178,,,,
JVASP-146741,24,3.555999994277954,3.5475502014160156,3.569695472717285,3.5444679260253906,3.6047415733337402,3.53378963470459,3.592686891555786,3.5673861503601074,,,,
JVASP-150430,9,0.6769999861717224,0.7480588555335999,0.6343232989311218,0.7026587128639221,0.5965315103530884,0.6953035593032837,0.6750978231430054,0.669455349445343,,,,
JVASP-146143,28,3.4170000553131104,3.4008612632751465,3.4370877742767334,3.442171573638916,3.4412550926208496,3.5334362983703613,3.474583864212036,3.4447333812713623,,,,
JVASP-154872,20,2.2320001125335693,2.3444478511810303,2.412304401397705,2.366182804107666,2.3524169921875,2.4243319034576416,2.3876006603240967,2.426628351211548,,,,
JVASP-145634,28,3.2730000019073486,3.313666820526123,3.346202850341797,3.3533775806427,3.335179328918457,3.416003704071045,3.3890514373779297,3.4018096923828125,,,,
JVASP-145631,16,2.5230000019073486,2.753667116165161,2.752004384994507,2.793264389038086,2.7521591186523438,2.770805835723877,2.759812355041504,2.920383930206299,,,,
JVASP-145635,28,2.4170000553131104,2.5889225006103516,2.5111641883850098,2.5167899131774902,2.4760582447052,2.615293502807617,2.638718605041504,2.535271406173706,,,,
JVASP-146146,28,3.5490000247955322,3.5217604637145996,3.5291008949279785,3.5489165782928467,3.592405319213867,3.6048123836517334,3.565729856491089,3.4833717346191406,,,,
JVASP-145644,30,3.181999921798706,3.2245283126831055,3.2321970462799072,3.214185953140259,3.255429744720459,3.2743020057678223,3.156060218811035,3.1946425437927246,,,,
JVASP-146150,24,3.3980000019073486,3.3680508136749268,3.414938449859619,3.401660919189453,3.330143690109253,3.3682141304016113,3.448242664337158,3.479098081588745,,,,
JVASP-146151,24,3.6019999980926514,3.532191514968872,3.5392799377441406,3.566509246826172,3.6718006134033203,3.648451328277588,3.6487338542938232,3.7327797412872314,,,,
JVASP-152925,15,3.2730000019073486,3.280980110168457,3.3950812816619873,3.3962180614471436,3.4278547763824463,3.3748607635498047,3.340442180633545,3.4869985580444336,,,,
JVASP-153378,16,1.2309999465942383,1.2115341424942017,1.1462275981903076,1.1299234628677368,1.1543687582015991,1.0483351945877075,1.0461094379425049,1.0281822681427002,,,,
JVASP-145768,20,3.2850000858306885,3.2681546211242676,3.230741024017334,3.224116563796997,3.245868682861328,3.163724422454834,3.217848300933838,3.2483408451080322,,,,
JVASP-145649,30,3.0959999561309814,3.0796263217926025,3.0523362159729004,3.049114227294922,3.0472207069396973,2.98759126663208,2.9632439613342285,3.041792869567871,,,,
JVASP-153725,13,-0.7149999737739563,0.4210830330848694,0.2829359769821167,0.40840014815330505,0.4266951084136963,0.36711254715919495,0.4221908450126648,0.5086841583251953,,,,
JVASP-146764,16,3.999000072479248,3.8468570709228516,3.8786423206329346,3.8942465782165527,3.8539204597473145,4.04236364364624,3.9027099609375,3.9894611835479736,,,,
JVASP-146761,12,4.105000019073486,4.023848056793213,3.9043548107147217,3.957476854324341,4.008380889892578,4.028998851776123,4.141979694366455,4.047978401184082,,,,
JVASP-146520,22,3.5439999103546143,3.529669761657715,3.4998021125793457,3.494412660598755,3.474848747253418,3.279733657836914,3.2942938804626465,3.330186367034912,,,,
JVASP-152937,14,3.5899999141693115,4.03239631652832,4.023306846618652,3.8996148109436035,3.880342960357666,3.8200995922088623,4.019813537597656,4.13926362991333,,,,
JVASP-147477,18,3.568000078201294,3.54612135887146,3.5256764888763428,3.5627565383911133,3.5153865814208984,3.53906512260437,3.5599069595336914,3.542938232421875,,,,
JVASP-147479,28,3.7190001010894775,3.6824965476989746,3.680511713027954,3.743903875350952,3.6727795600891113,3.7868831157684326,3.689528226852417,3.8282976150512695,,,,
JVASP-147104,24,3.5820000171661377,3.5535507202148438,3.6307225227355957,3.601630210876465,3.5327436923980713,3.581333637237549,3.6437270641326904,3.6550865173339844,,,,
JVASP-147480,16,3.8550000190734863,3.8276352882385254,3.9219257831573486,3.857705593109131,3.8911054134368896,3.9396958351135254,3.966132402420044,4.011257648468018,,,,
JVASP-146775,24,3.4189999103546143,3.3947031497955322,3.4356021881103516,3.4390172958374023,3.4466872215270996,3.5319325923919678,3.4839975833892822,3.407474994659424,,,,
JVASP-146711,16,3.4600000381469727,3.4874069690704346,3.4255192279815674,3.434998035430908,3.4347550868988037,3.3501806259155273,3.396960735321045,3.378734827041626,,,,
JVASP-146543,24,3.4489998817443848,3.4906015396118164,3.5383214950561523,3.591257333755493,3.593468427658081,3.517575263977051,3.5631580352783203,3.699815511703491,,,,
JVASP-146777,24,3.36299991607666,3.360936164855957,3.416783332824707,3.4108428955078125,3.372532844543457,3.5474839210510254,3.4853909015655518,3.535536766052246,,,,
JVASP-146779,28,3.1530001163482666,3.165405750274658,3.141355037689209,3.1778345108032227,3.1781013011932373,3.2694711685180664,3.1867880821228027,3.234318256378174,,,,
JVASP-146712,30,3.509999990463257,3.50216007232666,3.520108938217163,3.500082492828369,3.483475685119629,3.442030668258667,3.4982519149780273,3.447500228881836,,,,
JVASP-147481,24,3.746000051498413,3.724860429763794,3.7044167518615723,3.688505172729492,3.80635142326355,3.6466479301452637,3.6532440185546875,3.7736868858337402,,,,
JVASP-147487,30,4.929999828338623,4.624300479888916,4.586516857147217,4.633971691131592,4.6560540199279785,4.518611431121826,4.666014671325684,4.704783916473389,,,,
JVASP-146840,27,1.75,2.3127541542053223,2.303013801574707,2.29771089553833,2.3367795944213867,2.4155709743499756,2.4055309295654297,2.477548599243164,,,,
JVASP-146841,24,1.6109999418258667,1.647105097770691,1.661704659461975,1.6150778532028198,1.6621944904327393,1.7955273389816284,1.8390154838562012,1.748877763748169,,,,
JVASP-146870,12,2.759000062942505,2.342451333999634,2.3700132369995117,2.343447208404541,2.407470703125,2.271031618118286,2.2868199348449707,2.2525088787078857,,,,
JVASP-146891,30,3.2980000972747803,3.2918319702148438,3.317227602005005,3.3382132053375244,3.3189826011657715,3.2882933616638184,3.2020576000213623,3.178036689758301,,,,
JVASP-157350,4,-0.3919999897480011,-0.11304087191820145,-0.08336665481328964,-0.08771907538175583,-0.09541825205087662,-0.07317166775465012,-0.0670233741402626,-0.06128682941198349,,,,
JVASP-146905,21,3.11299991607666,2.9640614986419678,2.980024814605713,2.8702423572540283,2.8943064212799072,2.872159719467163,2.869316816329956,2.8046693801879883,,,,
JVASP-155997,4,2.2339999675750732,1.1343706846237183,0.9807688593864441,1.016371488571167,1.0656797885894775,0.96449875831604,0.969235360622406,0.9358919262886047,,,,
JVASP-155769,5,0.9559999704360962,1.1237391233444214,1.0857175588607788,1.0724705457687378,0.9918680787086487,1.013989806175232,1.0555144548416138,0.8913229703903198,,,,
