condition,n,mae_vs_label_V,mean_abs_shift_vs_relaxed_V,max_abs_shift_vs_relaxed_V,mae_vs_label_on_same_subset_relaxed_V,note
relaxed (JARVIS),200,0.16148794222623108,0.0,0.0,0.16148794222623108,
"noise sigma=0.05 A, draw 0",200,0.16966779936105014,0.04787513017654419,0.27860260009765625,0.16148794222623108,
"noise sigma=0.05 A, draw 1",200,0.1730251345410943,0.04982132777571678,0.3787667751312256,0.16148794222623108,
"noise sigma=0.05 A, draw 2",200,0.1733335918188095,0.0512078944966197,0.3429086208343506,0.16148794222623108,
"noise sigma=0.05 A, pooled 3 draws",600,0.17200884190698465,0.04963478414962689,0.3787667751312256,0.16148794222623108,
"noise sigma=0.10 A, draw 0",200,0.19557860739529132,0.08551530618220568,0.5256199836730957,0.16148794222623108,
"noise sigma=0.10 A, draw 1",200,0.19625966545194387,0.0845239370316267,0.39609217643737793,0.16148794222623108,
"noise sigma=0.10 A, draw 2",200,0.1982563203945756,0.09818039461970329,0.4416079521179199,0.16148794222623108,
"noise sigma=0.10 A, pooled 3 draws",600,0.19669819774727026,0.08940654594451189,0.5256199836730957,0.16148794222623108,
ALIGNN-FF relaxed,0,,,,,"SKIPPED: alignnff_wt01 forces unphysical in this env (12-100 eV/A on relaxed cells, FIRE non-convergent); v12.2.2024 checkpoint not downloadable (figshare WAF)"
