rank,jid,formula,v_tier1,v_tier2,v_label,max_voltage,q_grav,ehull,score,partition,rank_tier2,qe_source
1,JVASP-117295,Li3FeO3,4.436154365539551,4.393623431523641,4.436,5.46979546546936,644.9578481042442,0.0006,0.6626666666666666,train,1.0,ranked_csv
2,JVASP-143995,Li2VF6,4.385075092315674,4.714897632598877,4.356,5.330497980117798,299.769519968232,0.0,0.4433394137376071,train,,cache
3,JVASP-122347,KLi4FeO5,4.070555210113525,4.353137671947479,4.037,5.458415746688843,528.8783979641499,0.0106,0.4398375021098133,train,3.0,ranked_csv
4,JVASP-118606,Li2NiO2,3.790943145751953,3.727940320968628,3.787,5.133873224258423,512.5830532026275,0.0,0.4354692853642455,train,9.0,ranked_csv
5,JVASP-31181,Li3RuO4,3.707210779190063,4.061602830886841,3.723,4.998703718185425,432.5363632337156,0.0,0.3669562998363666,train,5.0,ranked_csv
6,JVASP-19051,Li6WN4,3.3017430305480957,2.447288672129313,3.278,4.7447731494903564,571.2311772916424,0.0,0.35757886136415595,train,,cache
7,JVASP-49957,Li2RhO3,3.8634238243103023,4.235434293746948,3.804,5.227831125259399,325.2889220498029,0.0,0.33760622132398876,train,10.0,ranked_csv
8,JVASP-11735,Li2MnO3,3.4754905700683594,4.450660467147827,3.503,5.48360276222229,458.85779847336534,0.0,0.32916840985215556,train,2.0,ranked_csv
9,JVASP-113201,Li2Co3NiO8,4.193936824798584,4.560982942581177,4.168,5.10062050819397,142.0434492518857,0.0,0.30225575094495094,train,,cache
10,JVASP-34836,LiCo2O4,4.19327974319458,4.719651460647583,4.185,5.146198511123657,141.9532468983532,0.0,0.3020476243730661,train,,cache
11,JVASP-119348,LiCoNiO4,4.1492018699646,4.494394063949585,4.123,5.083441972732544,142.13376631414462,0.0,0.29190324624005953,train,18.0,ranked_csv
12,JVASP-45853,Li2VF6,4.382699012756348,4.722105860710144,4.355,5.196636199951172,299.769519968232,0.0233,0.2874532727086315,train,,cache
13,JVASP-140540,Li3Fe3O8,3.9239344596862793,4.779841025670369,3.96,5.3403003215789795,254.16036279491826,0.0032,0.286781569460396,val,,cache
14,JVASP-147379,Li3Fe3O8,3.923520565032959,4.771569013595581,3.96,5.452168226242065,254.16036279491826,0.0033,0.2860186079753834,test,,cache
15,JVASP-120591,Li3Fe3O8,3.922810316085815,4.777508974075317,3.96,5.421833276748657,254.16036279491826,0.0033,0.28585336473583706,train,,cache
16,JVASP-26796,Li2MoF6,3.8566784858703618,3.99118435382843,3.763,4.675814628601074,239.49950102778843,0.0,0.2834870009671006,train,52.0,ranked_csv
17,JVASP-119318,Li2CoNi3O8,4.0904765129089355,4.452673435211182,4.071,4.997974395751953,142.2241983040787,0.0,0.27829586957148145,train,23.0,ranked_csv
18,JVASP-140204,LiNi2O4,4.068760395050049,4.415241003036499,4.04,4.666861057281494,142.3147454411944,0.0,0.27329896208907084,train,27.0,ranked_csv
19,JVASP-117435,LiVOF3,3.880776882171631,4.2956860065460205,3.906,4.9858691692352295,204.78356714191304,0.0,0.2678285507536684,train,19.0,ranked_csv
20,JVASP-119521,Li2CrCo3O8,4.029956817626953,4.56269907951355,4.028,5.2074925899505615,144.60988351554826,0.0,0.2656769763480103,train,,cache
21,JVASP-142546,Li2FeCo3O8,4.021673202514648,4.600381135940552,4.01,5.013166666030884,143.12375105822542,0.0,0.26283942570729224,train,,cache
22,JVASP-112917,Li5Mn3O8,3.3093388080596924,4.031965208053589,3.341,5.049160718917847,409.1650119850648,0.0,0.26007324032612533,train,8.0,ranked_csv
23,JVASP-117286,LiMn2F6,4.0801167488098145,4.5898191928863525,4.074,5.130085468292236,116.1204912873394,0.0,0.25989591943927176,train,,cache
24,JVASP-148363,LiMnGaF6,4.073965549468994,4.668554306030273,4.615,5.201510906219482,109.12990123054074,0.0,0.25418275881151575,test,,cache
25,JVASP-9699,LiCuO,3.544076919555664,4.006251811981201,3.516,5.234424829483032,309.89243813028537,0.0,0.2538774061893453,train,20.0,ranked_csv
26,JVASP-116848,Li2MnNi3O8,3.9650044441223145,4.25182843208313,3.953,4.544542551040649,143.74796860879383,0.0,0.2500374954620135,train,53.0,ranked_csv
27,JVASP-112912,Li4Co3O7,3.5441734790802,4.2038185596466064,3.566,5.106929063796997,338.6597602988281,0.0033,0.2495211506973635,train,13.0,ranked_csv
28,JVASP-146620,Li2FeNi3O8,3.959345579147339,4.278564691543579,3.934,4.747069358825684,143.3991935905768,0.0,0.24850728967985916,test,47.0,ranked_csv
29,JVASP-50374,Li2TiTeO6,3.8220975399017334,4.139992952346802,3.877,4.825274229049683,187.85290641525052,0.0,0.2438056944006236,train,50.0,ranked_csv
30,JVASP-148139,Li5Mn3O8,3.2729499340057373,4.0853188037872314,3.351,5.336187124252319,409.1650119850648,0.0017,0.24027383962824309,test,7.0,ranked_csv
31,JVASP-112438,LiVF4,3.8996236324310303,4.04534649848938,3.886,4.325782537460327,200.1961425422498,0.0048,0.23740334460915738,train,96.0,ranked_csv
32,JVASP-144773,Li4Mn3TeO12,3.709599494934082,4.362436532974243,3.679,5.192870378494263,209.31669120280017,0.0,0.23077995295959125,val,16.0,ranked_csv
33,JVASP-152878,RbLiCrO4,3.912834405899048,3.7910616397857666,3.938,4.072925806045532,128.60441386792917,0.0,0.22862374656293,test,186.0,ranked_csv
34,JVASP-147246,Li5Mn3O8,3.273221492767334,4.061994123458862,3.347,5.301315546035767,409.1650119850648,0.0038,0.2263370192354412,test,11.0,ranked_csv
35,JVASP-56624,RbLiMoO4,3.937210321426392,3.064727544784546,3.881,4.163607835769653,106.2090894148326,0.0,0.2205767904203728,train,492.0,ranked_csv
36,JVASP-45906,LiMnCoO4,3.834107398986816,4.455734968185425,3.838,5.053333520889282,145.02193909756704,0.0,0.22036395778332973,train,21.0,ranked_csv
37,JVASP-145569,Li3AlMo2As2O14,3.870786666870117,4.24556549390157,3.892,5.072137117385864,131.05445749568312,0.0,0.22034187578929773,test,60.0,ranked_csv
38,JVASP-137746,LiVF4,3.678700447082519,4.296277284622192,3.673,5.440396785736084,200.1961425422498,0.0,0.21800437670545167,val,22.0,ranked_csv
39,JVASP-43016,LiFeNiO4,3.8210699558258057,4.0664074420928955,3.797,4.5288002490997314,144.5002957839037,0.0,0.21701119647019337,train,92.0,ranked_csv
40,JVASP-143246,LiMnFeF6,3.884621620178222,4.945804119110107,3.9,5.39631724357605,115.66598336294585,0.0,0.21413451920682408,train,,cache
41,JVASP-141578,Li2CoNiO4,3.43721079826355,3.9306702613830566,3.438,5.072314977645874,274.17526448316494,0.0,0.20713605179969025,train,45.0,ranked_csv
42,JVASP-117209,Li5Co4NiO10,3.4356257915496826,3.8839967250823975,3.442,5.458092927932739,273.9736416872988,0.0,0.2066437884225717,train,56.0,ranked_csv
43,JVASP-141054,LiCoO2,3.43334698677063,3.8082435131073,3.455,5.022318601608276,273.83939115290286,0.0,0.20603137773415636,val,68.0,ranked_csv
44,JVASP-137586,Li4MnCo2O7,3.5164906978607178,4.1298723220825195,3.561,5.297972917556763,342.9884594584036,0.0094,0.20506545904865964,val,28.0,ranked_csv
45,JVASP-146761,Li2CoO3,4.023848056793213,4.631606340408325,4.105,5.457974195480347,443.68393688648695,0.0364,0.20478539021869052,test,,cache
46,JVASP-142137,Li2CoO3,4.093221187591553,4.528254747390747,4.096,5.4798338413238525,443.68393688648695,0.0396,0.19959208907644865,train,,cache
47,JVASP-143293,Li4CoNi3O8,3.403165340423584,3.934023857116699,3.427,4.980247259140015,274.3435103079438,0.0,0.19931825096679712,train,44.0,ranked_csv
48,JVASP-145497,Li3Co2NiO6,3.429847717285156,3.911188840866089,3.443,5.2248852252960205,274.0632151971424,0.0017,0.1940210228243747,test,58.0,ranked_csv
49,JVASP-47608,Li2Co3NiO8,4.191717624664307,4.556091547012329,4.167,5.0555946826934814,142.0434492518857,0.0166,0.19107277542507956,train,,cache
50,JVASP-96563,Li2MgMn3O8,3.663398265838623,4.230054140090942,3.636,4.385232210159302,161.944278694875,0.0,0.19101325387834492,train,46.0,ranked_csv
51,JVASP-113205,Li2CoNiO4,3.4366183280944824,3.90270733833313,3.441,4.842516660690308,274.17526448316494,0.0024,0.19099821042665482,train,64.0,ranked_csv
52,JVASP-147090,Li3Co2NiO6,3.4309775829315186,3.916407823562622,3.442,5.243581056594849,274.0632151971424,0.0022,0.19095055881370337,test,62.0,ranked_csv
53,JVASP-104729,Li2CoNiO4,3.424450635910034,3.855078935623169,3.439,4.857409477233887,274.17526448316494,0.002,0.19083399802979525,train,71.0,ranked_csv
54,JVASP-144539,Li4MnCo2O7,3.523954153060913,4.170384645462036,3.677,5.136857748031616,342.9884594584036,0.0119,0.1901352053966814,val,33.0,ranked_csv
55,JVASP-142144,Li4MnCo2O7,3.5243144035339355,4.170313596725464,3.522,5.318678140640259,342.9884594584036,0.012,0.18955235294114411,train,34.0,ranked_csv
56,JVASP-46142,Li2Mn3NiO8,3.6917295455932617,4.202050447463989,3.701,4.466922998428345,146.70279731916608,0.0,0.18826858532997065,train,61.0,ranked_csv
57,JVASP-145787,Li7Mn2Co3O12,3.5393877029418945,4.219548600060599,3.533,5.368142366409302,355.824412307483,0.014,0.18758850259105325,test,29.0,ranked_csv
58,JVASP-153848,LiCoSO4F,3.944644927978515,4.3655664920806885,4.325,5.062487840652466,148.12751541845168,0.0091,0.18731674731505982,test,84.0,ranked_csv
59,JVASP-113084,Li3Mn8O16,3.775973081588745,4.104027509689331,3.765,4.372479200363159,112.24689456720064,0.0,0.18676250629100608,train,103.0,ranked_csv
60,JVASP-147595,Li5FeCo4O10,3.332711696624756,3.7682974338531494,3.368,5.022320985794067,275.5784613148823,0.0,0.18368329467868777,test,79.0,ranked_csv
61,JVASP-112763,Li3MnCoO5,3.5490663051605225,4.289084990819295,3.572,5.497422933578491,374.51199258681135,0.0167,0.1832872653791575,train,25.0,ranked_csv
62,JVASP-121768,LiVF5,4.345747947692871,4.828947305679321,4.306,5.2194623947143555,175.31686812412286,0.0265,0.18129022537538692,train,,cache
63,JVASP-141341,SrLiVF6,3.774338722229004,3.4673197269439697,3.752,3.8350210189819336,103.28405662758875,0.0,0.1808921222075721,train,326.0,ranked_csv
64,JVASP-46758,Li6VCoP2C2O14,3.122307300567627,3.778616348902384,3.115,5.220574617385864,348.46247592725257,0.0,0.17937631858326045,train,36.0,ranked_csv
65,JVASP-145141,Li4Mn3O7,3.170151948928833,3.6598098278045654,3.183,4.687698125839233,351.98653963755777,0.0023,0.17733294776534625,test,69.0,ranked_csv
66,JVASP-140627,Li2VCo3O8,3.646622896194458,4.0536792278289795,3.639,4.746875047683716,145.022486434139,0.0,0.17674501458491337,train,95.0,ranked_csv
67,JVASP-43510,LiCoNiO4,4.148584365844727,4.494715452194214,4.122,4.922200441360474,142.13376631414462,0.0173,0.1764262472503231,train,113.0,ranked_csv
68,JVASP-140987,LiVF5,4.220041275024414,4.484185218811035,4.453,4.729391098022461,175.31686812412286,0.0233,0.17337722485935536,val,146.0,ranked_csv
69,JVASP-122530,Li2Fe3CoO8,3.625564575195313,4.520043611526489,3.648,5.1422340869903564,145.52364017533657,0.0,0.17215266210477487,train,,cache
70,JVASP-144450,Li4Mn3O7,3.163367748260498,3.663796186447144,3.193,5.109536409378052,351.98653963755777,0.003,0.17108790030603457,train,76.0,ranked_csv
71,JVASP-48209,Li2VP2O8,3.4482364654541016,4.435322046279907,3.442,5.167444944381714,210.4005856059719,0.0,0.17063637180306274,train,14.0,ranked_csv
72,JVASP-112847,Li2Mn3CrO8,3.608166933059693,4.017583608627319,3.603,4.296208620071411,149.441986230218,0.0,0.17050517033368118,train,99.0,ranked_csv
73,JVASP-113175,LiCoP2O7,3.70661735534668,5.01925253868103,3.695,5.362108469009399,111.75781266051338,0.0,0.17032693868608342,train,,cache
74,JVASP-140998,LiVF4,3.651695728302002,4.2768237590789795,3.638,5.035380125045776,200.1961425422498,0.0064,0.16905491689664026,val,57.0,ranked_csv
75,JVASP-119319,LiNiO2,3.429020881652832,3.964996576309204,3.43,4.933274984359741,274.51196274536846,0.0057,0.16743686646629993,train,72.0,ranked_csv
76,JVASP-141792,LiMn2O4,3.596930980682373,4.065204858779907,3.598,4.423746347427368,148.22623848267588,0.0,0.16714636534372415,train,91.0,ranked_csv
77,JVASP-146397,LiCaVF6,3.639951229095459,3.5398590564727783,3.127,4.104115724563599,126.45135705130318,0.0,0.16381716284794123,test,269.0,ranked_csv
78,JVASP-141833,LiCoC2O6,3.5892553329467773,4.611676931381226,3.573,4.988304853439331,144.17770577539451,0.0,0.16288067611857832,train,,cache
79,JVASP-47619,Li2CoNi3O8,4.091872692108154,4.443497896194458,4.07,4.94005274772644,142.2241983040787,0.0175,0.16195403150863588,train,133.0,ranked_csv
80,JVASP-43225,Li2MnCr3O8,3.564171314239502,4.087849378585815,3.539,4.363494634628296,151.93430871626367,0.0,0.16179601254801335,train,82.0,ranked_csv
81,JVASP-122192,LiGeRhO4,3.6566474437713623,4.03522515296936,3.652,4.481458902359009,108.73513285891912,0.0,0.15684964245478966,train,125.0,ranked_csv
82,JVASP-147333,Li5CoNi4O10,3.4055635929107666,3.885257005691528,3.444,4.490252256393433,274.377184254244,0.0065,0.1565635107875924,test,98.0,ranked_csv
83,JVASP-43162,Li2VCo3O8,3.9344022274017334,4.611583948135376,3.938,5.338304281234741,145.022486434139,0.0131,0.15636509125577963,train,,cache
84,JVASP-144005,Li2Ni3SbO8,3.6189756393432617,4.6672446727752686,3.601,5.199036598205566,121.90321038517516,0.0,0.15615113450953633,train,,cache
85,JVASP-119365,Li2Mn3FeO8,3.550526857376098,4.067006826400757,3.557,4.606609106063843,147.85542178061192,0.0,0.15612305442903535,train,88.0,ranked_csv
86,JVASP-121723,Li2VCo3O8,3.935255527496338,4.62540602684021,3.938,5.350308656692505,145.022486434139,0.0132,0.15589694944790322,train,,cache
87,JVASP-46772,Li3VPCO7,3.004361629486084,3.719456752141317,3.015,4.922551870346069,354.6033142028363,0.0,0.1556971633103602,train,43.0,ranked_csv
88,JVASP-51355,LiNi2O4,4.066727638244629,4.401887893676758,4.04,4.7049455642700195,142.3147454411944,0.0178,0.15415936361294746,train,149.0,ranked_csv
89,JVASP-111963,LiVF4,3.846355438232422,3.981115341186523,3.835,4.4953320026397705,200.1961425422498,0.0155,0.15367687924858353,train,211.0,ranked_csv
90,JVASP-141222,Li4MnCo2O7,3.3981475830078125,4.171448469161987,3.413,5.472437143325806,342.9884594584036,0.013,0.1535322965498779,train,38.0,ranked_csv
91,JVASP-112809,Li2Mn3GaO8,3.553325891494751,3.967921018600464,3.551,4.459571123123169,142.4041481369784,0.0,0.15343511435401175,train,116.0,ranked_csv
92,JVASP-146890,Li2Mn3GaO8,3.5524721145629883,3.971097230911255,3.551,4.472677946090698,142.4041481369784,0.0,0.15323647855649067,test,115.0,ranked_csv
93,JVASP-140539,Li2Ni3SbO8,3.617188453674317,4.659117698669434,3.601,5.197263956069946,121.90321038517516,0.0005,0.1524020028131152,val,,cache
94,JVASP-142155,Li7Mn2Co3O12,3.3921167850494385,4.172643831798008,3.415,5.27863335609436,355.824412307483,0.0142,0.15199179771542362,train,37.0,ranked_csv
95,JVASP-144040,Li5Ni7O12,3.3662633895874023,3.7508504390716553,3.409,5.468547105789185,210.19068386865555,0.0,0.15143632032886026,val,126.0,ranked_csv
96,JVASP-110313,LiNiO2,3.4278621673583984,3.750131607055664,3.452,4.280832529067993,274.51196274536846,0.0081,0.15116728535042384,train,148.0,ranked_csv
97,JVASP-119272,Li3Co4O8,3.6344785690307617,3.9610888957977295,3.648,5.006159543991089,209.08656658041372,0.0097,0.1484950369533325,train,153.0,ranked_csv
98,JVASP-148272,Li3Co2NiO6,3.413461685180664,3.797471284866333,3.449,4.65823769569397,274.0632151971424,0.0082,0.1468753909453761,test,136.0,ranked_csv
99,JVASP-46114,LiMnC2O6,3.869748115539551,4.341799974441528,3.916,4.547271013259888,147.34439930011493,0.0125,0.14674524033529507,train,110.0,ranked_csv
100,JVASP-111149,LiNiO2,3.4288547039031982,3.740348100662231,3.452,4.353015661239624,274.51196274536846,0.009,0.14539820431861156,train,162.0,ranked_csv
101,JVASP-144854,Li3Co4O8,3.6234726905822754,3.981501817703247,3.648,5.025244951248169,209.08656658041372,0.0098,0.14526779344076596,test,147.0,ranked_csv
102,JVASP-59226,LiVP2O8,3.607938051223755,5.057759523391724,3.573,5.4010169506073,108.14670487743052,0.0,0.1451567015443959,train,,cache
103,JVASP-119538,Li2MgMn3O8,3.605588436126709,4.341176748275757,3.606,4.9641640186309814,161.944278694875,0.0049,0.14489681924280723,train,55.0,ranked_csv
104,JVASP-133667,Li4MnTe3O12,3.457634925842285,4.025698900222778,3.635,4.507801294326782,163.05211555604583,0.0,0.14381990550635093,val,87.0,ranked_csv
105,JVASP-12687,LiCrPO4F,3.472472667694092,3.726869344711304,3.483,5.161580324172974,155.00530490857054,0.0,0.14234295234898042,train,180.0,ranked_csv
106,JVASP-46767,LiMn2F6,4.074754238128662,4.600957155227661,4.074,5.210788249969482,116.1204912873394,0.0175,0.14198163580587966,train,,cache
107,JVASP-140562,LiNiP2O7,3.583235502243042,4.774553537368774,3.38,4.856330156326294,111.86967182771596,0.0,0.14169000539259521,val,,cache
108,JVASP-116849,LiV2F7,3.5819997787475586,4.187010049819946,3.53,4.772046327590942,110.83565004992518,0.0,0.14076912279975637,train,86.0,ranked_csv
109,JVASP-142039,Li2CrCo3O8,4.0463433265686035,4.5816123485565186,4.026,5.333843946456909,144.60988351554826,0.0194,0.14015605249907312,val,,cache
110,JVASP-47611,Li2CrCo3O8,4.04597282409668,4.590194463729858,4.026,5.327735662460327,144.60988351554826,0.0195,0.1394031864385646,train,,cache
111,JVASP-142030,Li2FeCo3O8,4.020595550537109,4.583366632461548,4.009,4.999737501144409,143.12375105822542,0.0185,0.1392553708423211,val,,cache
112,JVASP-48806,LiVOF3,3.876042604446411,4.247735261917114,3.906,4.780308961868286,204.78356714191304,0.0192,0.13872709556478938,train,158.0,ranked_csv
113,JVASP-119688,Li2CrCoO4,3.160001277923584,3.788896322250366,3.174,4.688725709915161,283.90062196075144,0.0019,0.13593231762087427,train,80.0,ranked_csv
114,JVASP-141438,Li3CoNi2O6,3.4356284141540527,3.711827278137207,3.45,4.511779308319092,274.28740542816956,0.0107,0.1355032596635345,train,184.0,ranked_csv
115,JVASP-139780,LiMnRhO4,3.541808605194092,4.256235837936401,3.53,4.5815699100494385,117.1484835982769,0.0,0.13528532463415177,train,65.0,ranked_csv
116,JVASP-137589,Li7Mn4CoO12,3.260073661804199,3.958896807261876,3.263,5.4801647663116455,361.29973385520753,0.0127,0.134625135390004,test,66.0,ranked_csv
117,JVASP-44365,KLi4CrO5,3.781742572784424,4.110251188278198,3.727,5.4628260135650635,539.1149822657289,0.0474,0.13358072309400815,train,173.0,ranked_csv
118,JVASP-43333,Li2Mn3CoO8,3.701694250106811,4.10016131401062,3.695,4.901405572891235,146.6065822285562,0.0086,0.13319465805093714,train,152.0,ranked_csv
119,JVASP-43658,Li2CrPCO7,3.197528839111328,4.101026773452759,3.214,5.237292051315308,242.7028899282619,0.0,0.1320945084913732,train,30.0,ranked_csv
120,JVASP-141020,Li3V4NiO12,3.4827260971069336,3.672443469365438,3.502,3.8661234378814697,169.17449949699318,0.0032,0.13207440387171113,val,218.0,ranked_csv
121,JVASP-120745,LiCoPO4,3.3919787406921387,4.541971445083618,3.394,5.293200731277466,166.62867076341504,0.0,0.13073544173857016,train,,cache
122,JVASP-137727,LiFe2O4,3.4417309761047363,4.426626443862915,3.477,4.895420789718628,146.7540207892472,0.0,0.13013644952614667,val,24.0,ranked_csv
123,JVASP-113207,Li3Cr2CoO6,3.069244623184204,3.736881971359253,3.081,5.349944829940796,287.4206974372243,0.0,0.12964016482224347,train,78.0,ranked_csv
124,JVASP-106890,Li2FeCoO4,3.2038934230804443,3.646528482437134,3.24,5.2485268115997314,278.22888101788055,0.0041,0.12800319815032013,train,139.0,ranked_csv
125,JVASP-140216,Li4MnCo2O7,3.3974626064300537,4.157258987426758,3.419,5.4416749477386475,342.9884594584036,0.0169,0.12737293306306469,train,63.0,ranked_csv
126,JVASP-1789,LiRhO2,3.309966564178467,3.650009870529175,3.338,4.87114405632019,188.94867409150044,0.0,0.12532687403160242,train,174.0,ranked_csv
127,JVASP-13178,LiCrP2O7,3.499696969985962,4.1917173862457275,3.532,5.164366960525513,115.08687978475643,0.0,0.12422500097968886,train,81.0,ranked_csv
128,JVASP-122010,Li7Co5O12,3.9067177772521977,4.222704172134399,3.944,5.413085699081421,350.5125650506588,0.0359,0.12379607556831027,train,196.0,ranked_csv
129,JVASP-137387,Li2Mn3CoO8,3.70163369178772,4.208172559738159,3.695,4.90607762336731,146.6065822285562,0.0101,0.12318056883212405,train,134.0,ranked_csv
130,JVASP-116503,Li4Co3O7,3.697035074234009,4.21217942237854,3.788,5.355645418167114,338.6597602988281,0.0277,0.1224185567224127,train,131.0,ranked_csv
131,JVASP-112405,LiMn2O3F,3.402700901031494,3.7531683444976807,3.405,4.300049543380737,145.80786063609276,0.0,0.12047632685872477,train,179.0,ranked_csv
132,JVASP-120713,Li2FeCoO4,3.2161498069763184,3.6813747882843018,3.247,5.055020570755005,278.22888101788055,0.0057,0.12018804515111095,train,143.0,ranked_csv
133,JVASP-142598,LiMn2O2F3,3.4395222663879395,4.141525983810425,3.47,4.756632089614868,130.22369256663313,0.0,0.11949701139097373,val,85.0,ranked_csv
134,JVASP-47593,LiFeCoO4,3.828007936477661,4.599231004714966,3.827,5.279218435287476,144.313718967157,0.015,0.11851106830693996,train,,cache
135,JVASP-112435,LiMn2O3F,3.394169330596924,4.412673234939575,3.41,5.2978222370147705,145.80786063609276,0.0,0.1184914110870147,train,26.0,ranked_csv
136,JVASP-48978,LiMn2O3F,3.3914496898651123,3.688547372817993,3.382,4.397366762161255,145.80786063609276,0.0,0.11785867203582154,train,203.0,ranked_csv
137,JVASP-119722,LiMn2O3F,3.390805244445801,3.902026891708374,3.412,4.359998941421509,145.80786063609276,0.0,0.11770873834112748,train,137.0,ranked_csv
138,JVASP-43820,Li2CrP2O7,3.181647300720215,3.8894388675689697,3.203,5.4637839794158936,223.51198582751397,0.0,0.11664429073229131,train,83.0,ranked_csv
139,JVASP-147112,LiVP2O8,3.484525680541992,4.869308710098267,3.627,5.213579416275024,108.14670487743052,0.0,0.11644414939833884,test,,cache
140,JVASP-133673,Li2CrP2O7,3.179539442062378,4.349454641342163,3.267,5.196293592453003,223.51198582751397,0.0,0.11615388607273149,test,15.0,ranked_csv
141,JVASP-142664,Li3Co4O8,3.627192258834839,4.111046075820923,3.659,4.917060136795044,209.08656658041372,0.0145,0.11479983767714114,val,150.0,ranked_csv
142,JVASP-87262,Li3AlMo2As2O14,3.853477478027344,4.232699791590373,3.874,4.797977685928345,131.05445749568312,0.0157,0.11164813319411147,train,192.0,ranked_csv
143,JVASP-46734,LiMn2F6,3.765871524810791,4.559797525405884,3.773,4.976856708526611,116.12049128733942,0.0113,0.11145174372541293,train,,cache
144,JVASP-141043,Li2Cr3NiO8,3.7397570610046382,4.755952596664429,3.73,5.398977518081665,150.33410390884148,0.014,0.10833345060508065,val,,cache
145,JVASP-147136,Li4CuNi3P4O16,3.355541944503784,4.377882242202759,3.367,5.039966821670532,165.62638464106783,0.0023,0.10631094634343163,test,31.0,ranked_csv
146,JVASP-47298,Li4Mn5O9F,3.1075010299682617,3.7728607654571538,3.143,5.277625322341919,230.32885136954488,0.0,0.10356939876278061,train,105.0,ranked_csv
147,JVASP-140219,Li7Mn4CoO12,3.2426950931549072,3.914507286889212,3.268,5.185136079788208,361.29973385520753,0.0168,0.1032485845428176,train,106.0,ranked_csv
148,JVASP-97597,LiV2O5,3.335780382156372,3.4036500453948975,3.336,3.887017011642456,141.94121078222818,0.0,0.102538410987134,train,310.0,ranked_csv
149,JVASP-45236,Li3V6O16,3.3456311225891113,3.7396565278371177,3.315,4.203336000442505,138.0422909415841,0.0,0.10244197489608564,train,193.0,ranked_csv
150,JVASP-137330,LiMnVF6,3.388108253479004,3.4078667163848877,3.445,3.5880038738250732,118.16660387492465,0.0,0.10014975520182258,test,336.0,ranked_csv
151,JVASP-146930,Li2Co3O6,3.8363795280456543,4.1395416259765625,3.869,4.849552869796753,186.97969682681503,0.0224,0.09726026229415483,test,243.0,ranked_csv
152,JVASP-122408,Li7Mn4CoO12,3.2487008571624756,3.943101099559239,3.272,5.2959253787994385,361.29973385520753,0.018,0.09664585785741006,train,108.0,ranked_csv
153,JVASP-43167,Li2TiCo3O8,3.9389004707336426,4.833280801773071,3.938,5.375990152359009,146.2389076443411,0.0224,0.09615674450553222,train,,cache
154,JVASP-122518,Li4Mn5O9F,3.069793462753296,3.4665712118148804,3.086,4.920116662979126,230.32885136954488,0.0,0.09479653033816772,train,199.0,ranked_csv
155,JVASP-145649,Li3Cr4O8,3.0796263217926025,3.5399558544158936,3.096,5.157181978225708,225.34713615689273,0.0,0.09403267315141048,test,178.0,ranked_csv
156,JVASP-116864,LiVP2O7,3.3650341033935547,3.7102434635162354,3.387,3.88954758644104,115.61042207752968,0.0,0.09321565363359437,train,224.0,ranked_csv
157,JVASP-121769,LiVF4,3.624905586242676,3.966705322265625,3.633,4.451622009277344,200.1961425422498,0.0169,0.09282204618336136,train,227.0,ranked_csv
158,JVASP-47240,LiVF4,3.6246166229248047,3.963709592819214,3.633,4.399346113204956,200.1961425422498,0.0169,0.09275481731248854,train,232.0,ranked_csv
159,JVASP-43805,LiVF4,3.7184700965881343,3.859236001968384,3.731,4.538690090179443,200.1961425422498,0.0202,0.09259033300479966,train,304.0,ranked_csv
160,JVASP-116502,Li3Co2O5,3.7901902198791504,4.374833504358928,3.903,5.342182397842407,367.67008721179826,0.0381,0.09252840006680241,train,154.0,ranked_csv
161,JVASP-141014,Li5Fe2Ni3O10,3.340589761734009,3.944791555404663,3.344,4.996661186218262,277.75328830432187,0.0143,0.09151501498906306,val,140.0,ranked_csv
162,JVASP-117258,Li2TiCr3O8,3.247939348220825,4.281503915786743,3.229,4.54100489616394,155.04172365115292,0.0,0.09012637543303563,train,41.0,ranked_csv
163,JVASP-113155,Li2TiCr3O8,3.2473559379577637,4.277622938156128,3.229,4.613470792770386,155.04172365115292,0.0,0.08999064189588565,train,42.0,ranked_csv
164,JVASP-13166,LiCoP2O7,3.7048325538635254,5.015550374984741,3.695,5.316945791244507,111.75781266051338,0.012,0.08991169501664947,train,,cache
165,JVASP-117085,LiVNiO4,3.257770538330078,3.103245496749878,3.212,3.3649961948394775,148.42422260803002,0.0,0.08836013752593669,train,440.0,ranked_csv
166,JVASP-11481,RbLiCrO4,3.8872454166412354,3.66346287727356,3.919,4.21146035194397,128.60441386792917,0.0202,0.08800366384590291,train,469.0,ranked_csv
167,JVASP-48220,Li4Cr5O10,3.036301612854004,3.640649437904358,3.045,4.482919454574585,239.43870237749135,0.0008,0.08725133160314864,train,144.0,ranked_csv
168,JVASP-45790,Li2VF6,4.280386924743652,4.5663001537323,4.245,5.322923421859741,299.769519968232,0.0499,0.08631648153709137,train,,cache
169,JVASP-116288,LiNiO2,3.4413352012634277,3.524616956710815,3.453,4.20476222038269,274.51196274536846,0.0183,0.08630185918955124,train,338.0,ranked_csv
170,JVASP-48932,Li3VCrP4O14,3.1899635791778564,3.5409584840138755,3.187,3.910387754440307,170.47580458549254,0.0,0.08609206992250813,train,230.0,ranked_csv
171,JVASP-137374,Li3VCrP4O14,3.1899633407592773,3.541592200597127,3.181,3.939232587814331,170.47580458549254,0.0,0.08609201445314273,train,229.0,ranked_csv
172,JVASP-141033,Li2Co3SbO8,3.3156368732452393,4.230220079421997,3.314,5.092453241348267,121.70410044706466,0.0,0.08545577445209965,val,67.0,ranked_csv
173,JVASP-43512,LiVF4,3.852970123291016,4.038094758987427,3.834,4.316566467285156,200.1961425422498,0.0262,0.08388248798909123,train,305.0,ranked_csv
174,JVASP-47306,LiVF4,3.852933168411255,4.000203609466553,3.834,4.376352548599243,200.1961425422498,0.0262,0.08387389023745309,train,318.0,ranked_csv
175,JVASP-42175,LiVF4,3.674574851989746,4.330078840255737,3.672,5.1544506549835205,200.1961425422498,0.0201,0.08304453480645585,train,142.0,ranked_csv
176,JVASP-42455,LiVF4,3.854041814804077,3.9986064434051514,3.834,4.375551462173462,200.1961425422498,0.0264,0.08279848945326054,train,324.0,ranked_csv
177,JVASP-48324,Li4Mn7O2F14,3.221712112426758,3.6830259561538696,3.222,4.180156946182251,150.92905137863286,0.0,0.08150527104611933,train,200.0,ranked_csv
178,JVASP-147435,Li4VNi3P4O16,3.172356605529785,3.8507416248321538,3.184,4.983076810836792,168.91570663370447,0.0,0.08104008255361013,test,129.0,ranked_csv
179,JVASP-139909,Li4Co3O7,3.542403221130371,4.199675798416138,3.567,5.498432874679565,338.6597602988281,0.0286,0.08044262399255275,val,145.0,ranked_csv
180,JVASP-59219,LiVP2O7,3.310096740722656,3.108634233474731,3.296,3.379628896713257,115.61042207752968,0.0,0.08043418057914205,train,459.0,ranked_csv
181,JVASP-44908,LiCrC2O6,3.2180261611938477,4.489958047866821,3.246,4.87847638130188,149.76668066150248,0.0,0.07993571028369334,train,17.0,ranked_csv
182,JVASP-141440,Li2TiMn2NiO8,3.610960960388184,4.357235670089722,3.589,4.780014753341675,149.5978641570246,0.0137,0.07991736473853411,train,117.0,ranked_csv
183,JVASP-122506,LiNiAsO4,3.478532552719116,4.201618909835815,3.468,5.156773090362549,131.02424675542798,0.0074,0.0797300065620049,train,122.0,ranked_csv
184,JVASP-43636,LiVF4,3.647613525390625,4.1902642250061035,3.655,5.07813286781311,200.1961425422498,0.0197,0.07943850375548167,train,181.0,ranked_csv
185,JVASP-141834,LiVPO5,3.1907548904418945,2.9404242038726807,3.17,3.2620809078216553,158.72646488233735,0.0,0.07907917343442122,train,,cache
186,JVASP-118982,Li3Mn2O5,3.3408560752868652,4.060557762781779,3.354,5.49861216545105,381.6133658832175,0.0258,0.07852927903098789,train,123.0,ranked_csv
187,JVASP-142650,LiNi2O3,3.1928679943084717,3.3377084732055664,3.181,3.679024219512939,155.52778664340326,0.0,0.07761146405178102,val,319.0,ranked_csv
188,JVASP-146578,Li4Mn2TeWO12,3.1599555015563965,3.967968702316284,3.365,4.28084921836853,167.22891751738936,0.0,0.07712166473873786,test,100.0,ranked_csv
189,JVASP-140988,LiV2OF5,3.28585147857666,3.3873465061187744,3.247,3.5978333950042725,121.92721442754092,0.0003,0.07666270945483275,val,348.0,ranked_csv
190,JVASP-122361,Li4Cu3NiP4O16,3.313565254211426,4.423005819320679,3.335,5.139840841293335,163.1796813724537,0.0051,0.07637946093663478,train,39.0,ranked_csv
191,JVASP-46150,LiCoC2O6,3.5917391777038574,4.615349531173706,3.572,4.989137887954712,144.17770577539451,0.0131,0.07612522263405104,train,,cache
192,JVASP-146334,LiCrP2O7,3.2890706062316895,3.832491159439087,3.191,4.065079927444458,115.08687978475643,0.0,0.07522164402916383,test,182.0,ranked_csv
193,JVASP-146919,Li3Ni4O8,3.578767776489258,4.034528732299805,3.54,4.598898410797119,209.60939228454137,0.0188,0.07518720888281077,test,216.0,ranked_csv
194,JVASP-143574,Li4FeCu3P4O16,3.217334508895874,4.3558876514434814,3.279,5.245394945144653,163.89024236945426,0.0021,0.0744261107891773,val,35.0,ranked_csv
195,JVASP-46694,Li3Mn5OF11,3.177506923675537,4.244126796722412,3.148,5.37749457359314,154.47686295512196,0.0,0.07339389025526719,train,49.0,ranked_csv
196,JVASP-132865,Li4MnCo2O7,3.4055240154266357,4.185956954956055,3.425,5.447766542434692,342.9884594584036,0.0253,0.07324846324619291,train,111.0,ranked_csv
197,JVASP-144724,Li3Ni4O8,3.5958774089813232,4.024639129638672,3.608,4.59191632270813,209.60939228454137,0.0197,0.0731678569524852,train,228.0,ranked_csv
198,JVASP-111645,Li4MnCo2O7,3.4047536849975586,4.190652847290039,3.424,5.333300828933716,342.9884594584036,0.0253,0.07306924172656418,train,109.0,ranked_csv
199,JVASP-141005,Li3Ni4O8,3.572190046310425,4.174132347106934,3.545,4.767163515090942,209.60939228454137,0.0189,0.0729901978939412,val,170.0,ranked_csv
200,JVASP-146629,Li2VH2OF5,3.4593594074249268,3.981178998947144,3.409,4.650378704071045,301.4267715599846,0.0235,0.0723151526972165,test,198.0,ranked_csv
201,JVASP-12712,LiVPO4F,3.2347559928894043,3.0881154537200928,3.259,3.29296612739563,155.95652073552716,0.0023,0.07228621792141401,train,457.0,ranked_csv
202,JVASP-117438,LiNiPO4,3.4970951080322266,4.230644464492798,3.479,4.749271631240845,166.87745836361157,0.0125,0.07201039052041412,train,130.0,ranked_csv
203,JVASP-112758,Li3Ni4O8,3.595961093902588,4.024894952774048,3.608,4.6216113567352295,209.60939228454137,0.0199,0.07185399336640957,train,234.0,ranked_csv
204,JVASP-43531,LiVF4,3.971735000610352,3.940253734588623,3.966,4.339716911315918,200.1961425422498,0.0322,0.07151377579527735,train,435.0,ranked_csv
205,JVASP-47603,Li2VCo3O8,3.6456258296966553,4.046433210372925,3.639,4.694208383560181,145.022486434139,0.0158,0.0711797083654496,train,246.0,ranked_csv
206,JVASP-43821,LiCrP2O7,3.2586264610290527,4.354292154312134,3.302,5.0335376262664795,115.08687978475643,0.0,0.06813864982166325,train,48.0,ranked_csv
207,JVASP-47333,LiVF4,3.854804277420044,4.116364002227783,3.835,4.428897142410278,200.1961425422498,0.0287,0.0676425471504975,train,302.0,ranked_csv
208,JVASP-11689,Li2VSiO5,3.0461981296539307,3.507579803466797,3.075,4.448652029037476,310.01216107146206,0.0107,0.06678322888807746,train,219.0,ranked_csv
209,JVASP-48630,Li2Mn3OF6,3.093003511428833,3.564880609512329,3.098,4.679196119308472,173.64885571532173,0.0,0.06547742500959011,train,217.0,ranked_csv
210,JVASP-48483,Li2Ni3TeO8,3.5732879638671875,4.146766185760498,3.607,4.508131742477417,120.30540334920308,0.012,0.06454292224136687,train,194.0,ranked_csv
211,JVASP-97561,LiCuH4Cl3O2,3.202653646469116,3.8292503356933594,3.26,4.300512075424194,125.90151476100095,0.0,0.06174072391631433,train,171.0,ranked_csv
212,JVASP-45175,LiCr2O4,3.130631446838379,4.21856427192688,3.125,5.071753740310669,153.21190642877704,0.0,0.061713215524724516,train,54.0,ranked_csv
213,JVASP-43576,Li2Fe3F8,3.5904881954193115,4.273020267486572,3.596,5.166321039199829,160.77469511898778,0.0168,0.06133391107762498,train,163.0,ranked_csv
214,JVASP-142079,LiCoCO4,3.456014633178711,4.322833776473999,3.457,5.373416185379028,188.8991405254828,0.0148,0.06060873499376665,train,107.0,ranked_csv
215,JVASP-143569,Li7Mn4CoO12,3.247039318084717,3.9161783286503384,3.269,5.136541128158569,361.29973385520753,0.0235,0.05959262518322475,val,165.0,ranked_csv
216,JVASP-116501,Li3Mn2O5,3.3711998462677,3.988243659337362,3.39,5.418180704116821,381.6133658832175,0.0298,0.05892225396898565,train,185.0,ranked_csv
217,JVASP-139969,LiVP2O7,3.216932773590088,4.13811182975769,3.258,4.732732057571411,115.61042207752968,0.0,0.05875908229158685,val,94.0,ranked_csv
218,JVASP-59220,LiVP2O7,3.212461471557617,4.105115652084351,3.165,4.613500356674194,115.61042207752968,0.0,0.057718809812751334,train,101.0,ranked_csv
219,JVASP-42834,LiCoO2,3.4379849433898926,3.8053600788116455,3.455,4.981189012527466,273.83939115290286,0.0226,0.05644375663274448,train,273.0,ranked_csv
220,JVASP-146712,Li3MnCo3O8,3.50216007232666,3.8812105655670166,3.51,4.635954141616821,211.2815985064093,0.0193,0.05505498249799262,test,271.0,ranked_csv
221,JVASP-122277,Li3MnCo3O8,3.5021231174468994,3.8818037509918217,3.51,4.656616449356079,211.2815985064093,0.0193,0.05504638474635459,train,270.0,ranked_csv
222,JVASP-34813,LiMn2O4,3.5985894203186035,4.029366731643677,3.597,4.410949468612671,148.22623848267588,0.017,0.054198876916159155,train,259.0,ranked_csv
223,JVASP-147156,Li4MnCo3P4O16,3.0578701496124268,4.083854913711548,3.097,5.1432788372039795,167.66983433538277,0.0,0.05364103966018868,test,75.0,ranked_csv
224,JVASP-46733,Li4MnCo3P4O16,3.0577661991119385,4.147252321243286,3.09,5.3981616497039795,167.66983433538277,0.0,0.0536168550168714,train,59.0,ranked_csv
225,JVASP-122355,LiCrPO4,3.0395617485046387,3.837920427322388,3.036,4.808826208114624,174.13910198849953,0.0,0.0533442091887137,train,128.0,ranked_csv
226,JVASP-117253,Li3MnCo3O8,3.5020530223846436,3.879503965377808,3.51,4.6171839237213135,211.2815985064093,0.0196,0.05303007675292504,train,279.0,ranked_csv
227,JVASP-119256,Li3MnCo3O8,3.502020359039306,3.880814790725708,3.51,4.616451978683472,211.2815985064093,0.0196,0.053022477449864214,train,277.0,ranked_csv
228,JVASP-43159,Li2Fe3CoO8,3.629194021224976,4.5239880084991455,3.648,5.1745054721832275,145.52364017533657,0.018,0.05299707225435968,train,,cache
229,JVASP-146723,LiCrPO4,3.035026788711548,4.230445146560669,2.857,5.259442090988159,174.13910198849953,0.0,0.05228912638931461,test,40.0,ranked_csv
230,JVASP-145534,LiVP2O7,3.188011646270752,3.8283069133758545,3.203,4.027057886123657,115.61042207752968,0.0,0.05203042639030369,test,183.0,ranked_csv
231,JVASP-2017,LiCoO2,3.417510509490967,3.8418333530426025,3.449,5.063126802444458,273.83939115290286,0.0227,0.05101360274241995,train,263.0,ranked_csv
232,JVASP-146719,LiTiMnF6,3.282266616821289,3.0143892765045166,3.284,3.2244436740875244,119.7904036650594,0.0039,0.05051977932381867,test,545.0,ranked_csv
233,JVASP-141062,Li6CoNi5O12,3.5345001220703125,3.8564789295196538,3.445,4.80051851272583,274.39963814467103,0.027,0.04990837548181026,val,306.0,ranked_csv
234,JVASP-107425,LiFeF3,3.772274971008301,3.9882235527038574,3.791,5.0242297649383545,223.75363757481296,0.0307,0.04953835241521365,train,356.0,ranked_csv
235,JVASP-146766,Li4MnCo3O8,3.334660291671753,3.6532785892486577,3.348,4.466000318527222,276.6627160393659,0.0206,0.047467467281191056,test,307.0,ranked_csv
236,JVASP-47668,Li2CrNiP2O8,3.0234014987945557,3.5924203395843506,3.03,4.295439958572388,170.43096506256015,0.0,0.047313039391403036,train,215.0,ranked_csv
237,JVASP-45788,LiVP2O8,3.1871495246887207,4.7637717723846436,3.156,5.255865812301636,108.14670487743052,0.0,0.04725798649779248,train,,cache
238,JVASP-146088,LiMnPO4,3.0203256607055664,3.3974688053131104,2.976,4.3271472454071045,170.87288374783182,0.0,0.046868124190242326,test,281.0,ranked_csv
239,JVASP-42516,Li2Mn3CuO8,3.362969875335694,4.726244211196899,3.408,5.243803262710571,144.78000367581032,0.0096,0.04660308128612263,train,,cache
240,JVASP-142673,Li4TiCo5O12,3.6475868225097656,4.21785306930542,3.61,5.0831568241119385,190.65956773701683,0.0238,0.04625737662015644,val,223.0,ranked_csv
241,JVASP-111146,Li2MnCrO4,3.078951835632324,3.0983288288116455,3.112,5.354558229446411,290.0377497475754,0.0131,0.04616832901409683,train,442.0,ranked_csv
242,JVASP-47584,Li2Co3SbO8,3.6047658920288086,4.381484270095825,3.599,5.110767602920532,121.70410044706466,0.016,0.04605652986719938,train,157.0,ranked_csv
243,JVASP-100454,Li2CoNiO4,3.438995122909546,3.936225175857544,3.438,5.0110132694244385,274.17526448316494,0.0244,0.04488451786372663,train,254.0,ranked_csv
244,JVASP-142631,LiV2NiO6,3.370758056640625,3.1712753772735596,3.323,3.2798655033111572,101.70807510312974,0.0062,0.044698215669818485,val,528.0,ranked_csv
245,JVASP-145688,Li4Mn3O7,3.168729066848755,3.8077268600463863,3.19,4.750676393508911,351.98653963755777,0.0222,0.04433523992593297,test,197.0,ranked_csv
246,JVASP-59909,Li3Co4O8,3.63915491104126,4.05386757850647,3.678,5.09306263923645,209.08656658041372,0.0258,0.04224967975308447,train,287.0,ranked_csv
247,JVASP-97788,LiCrP2O7,3.145913600921631,4.218755006790161,3.096,4.81980299949646,115.08687978475643,0.0,0.04191539638695854,train,77.0,ranked_csv
248,JVASP-44667,Li2Mn3FeO8,3.547792673110962,4.002145528793335,3.557,4.493054151535034,147.85542178061192,0.0172,0.04082026507988583,train,266.0,ranked_csv
249,JVASP-43158,Li2MnFe3O8,3.4858837127685547,4.3837926387786865,3.498,4.878854990005493,147.11932668584376,0.0151,0.039965920940288086,train,124.0,ranked_csv
250,JVASP-24369,LiV2F6,3.121347665786743,3.2601120471954346,3.105,3.537062406539917,120.28611728693323,0.0,0.039384766329684566,train,399.0,ranked_csv
251,JVASP-47029,Li2CoNiO4,3.4308907985687256,3.922393560409546,3.441,4.966123342514038,274.17526448316494,0.0252,0.03766566986149189,train,260.0,ranked_csv
252,JVASP-48174,LiMn2OF3,3.0533742904663086,3.955329179763794,2.984,4.8436439037323,141.20036550745425,0.0,0.03638131300079112,train,121.0,ranked_csv
253,JVASP-116506,Li4MnCo2O7,3.544889450073242,4.194628477096558,3.682,5.3745787143707275,342.9884594584036,0.0357,0.036339248237003574,train,210.0,ranked_csv
254,JVASP-45925,Li2Mn3GaO8,3.5451366901397705,3.883050203323364,3.551,4.462752103805542,142.4041481369784,0.0173,0.03619651925769224,train,325.0,ranked_csv
255,JVASP-48807,LiMn2OF3,3.049320697784424,2.89574933052063,3.041,4.08324933052063,141.20036550745425,0.0,0.03543822285014797,train,,cache
256,JVASP-40656,Li4Co3NiO8,3.435063362121582,3.807571649551392,3.459,4.8934485912323,274.0072248911388,0.0258,0.03453350741324057,train,313.0,ranked_csv
257,JVASP-46667,Li2VCrP4O14,3.1125543117523193,3.850639104843139,3.076,3.94489073753357,115.348056870159,0.0,0.03431416096692949,train,176.0,ranked_csv
258,JVASP-45789,LiVF4,3.645214080810547,4.232891082763672,3.644,4.989203691482544,200.1961425422498,0.0265,0.03354692672869625,train,241.0,ranked_csv
259,JVASP-117279,Li2Ni3SnO8,3.581648111343384,4.312237024307251,3.536,5.124040842056274,122.75467031022288,0.0173,0.03265490844153257,train,188.0,ranked_csv
260,JVASP-46911,Li3Co2NiO6,3.4288315773010254,3.9202167987823486,3.442,5.274229288101196,274.0632151971424,0.026,0.03178461238901187,train,265.0,ranked_csv
261,JVASP-47677,LiCoPO4,3.6007909774780273,4.527501344680786,3.631,4.888177156448364,166.62867076341504,0.0222,0.03131673228771634,train,,cache
262,JVASP-42654,Li4TiTe3O12,3.820168256759643,4.2326085567474365,3.809,5.006577730178833,164.82472726927344,0.0297,0.03125104025491335,train,309.0,ranked_csv
263,JVASP-52207,LiTiP2O7,3.1381375789642334,3.143732786178589,3.177,3.2575008869171143,117.1642676967024,0.0018,0.029378756616882683,train,468.0,ranked_csv
264,JVASP-43006,Li2Mn3TeO8,3.066555976867676,3.3907253742218018,3.089,3.5823729038238525,123.42627725285426,0.0,0.028560674350075425,train,340.0,ranked_csv
265,JVASP-147389,Li2Mn3TeO8,3.065737724304199,3.443847417831421,3.107,3.7516701221466064,123.42627725285426,0.0,0.028370303487999946,test,314.0,ranked_csv
266,JVASP-122262,Li2Cr2CoO6,3.3804473876953125,3.9751155376434326,3.381,4.81051230430603,196.4890654186912,0.0177,0.028343445914906007,train,242.0,ranked_csv
267,JVASP-119357,Li2Mn3TeO8,3.0619688034057617,3.2826836109161377,3.091,3.891479730606079,123.42627725285426,0.0,0.02749344375965229,train,387.0,ranked_csv
268,JVASP-146589,LiCrP2HO7,3.0847280025482178,3.798805475234986,3.211,5.235059022903442,114.59091381352818,0.0,0.027376436196461466,test,195.0,ranked_csv
269,JVASP-119280,LiTiCoO4,3.5452873706817627,4.515104055404663,3.513,5.020956754684448,150.7913979112501,0.0194,0.02736914382631611,train,,cache
270,JVASP-116870,Li2Cr2CoO6,3.3799455165863037,3.9771926403045654,3.381,4.850815057754517,196.4890654186912,0.018,0.026226682900725107,train,244.0,ranked_csv
271,JVASP-142076,LiCoPO4,3.4439332485198975,4.698756456375122,3.454,5.329172849655151,166.62867076341504,0.0176,0.025489604229087,train,,cache
272,JVASP-147153,Li2MgNi3O8,3.6348562240600586,4.077585697174072,3.701,4.400986909866333,156.61364707961556,0.0234,0.025107542514671677,test,301.0,ranked_csv
273,JVASP-55325,LiVP2O7,3.0707573890686035,3.626593351364136,2.992,3.811491727828979,115.61042207752968,0.0,0.02475059248333391,train,256.0,ranked_csv
274,JVASP-43012,LiCrFeO4,3.53207015991211,4.1971681118011475,3.532,4.598106622695923,149.91344856888736,0.0193,0.02442297180127051,train,222.0,ranked_csv
275,JVASP-117404,Li2Mn3TeO8,3.0474607944488525,3.3944122791290283,3.053,3.5311357975006104,123.42627725285426,0.0,0.02411807740529479,train,335.0,ranked_csv
276,JVASP-119295,Li2Cr3P4O14,3.098440647125244,3.477712631225586,3.115,3.8862435817718506,103.52920019573013,0.0,0.02379095935777578,train,323.0,ranked_csv
277,JVASP-146625,Li3Co3NiO8,3.6353659629821777,3.913793802261353,3.634,4.513821840286255,209.2170283395039,0.0285,0.02344807429652432,test,377.0,ranked_csv
278,JVASP-145597,LiNi2O4,3.8769545555114746,4.451961278915405,3.886,5.402289628982544,142.3147454411944,0.0309,0.022674301374378064,test,262.0,ranked_csv
279,JVASP-44525,Li4Fe3TeO12,3.750494718551636,4.566335916519165,3.752,5.38480019569397,208.21058996170544,0.0327,0.021616910012761115,train,,cache
280,JVASP-47675,LiCrCoO4,3.842236280441284,4.729568243026733,3.836,5.474829912185669,147.36785379910572,0.0304,0.021025497455728043,train,,cache
281,JVASP-120598,Li4MnFe3P4O16,3.063997268676758,3.4908406734466553,3.093,4.296704530715942,170.13505570010568,0.0056,0.01924327257420417,train,312.0,ranked_csv
282,JVASP-116508,Li4MnCo2O7,3.5511999130249023,4.20718789100647,3.676,5.317229986190796,342.9884594584036,0.0385,0.01914074473391908,train,238.0,ranked_csv
283,JVASP-133577,Li2Mn3TeO8,3.0230255126953125,3.3705084323883057,3.055,3.7393782138824463,123.42627725285426,0.0,0.01843307761413695,test,349.0,ranked_csv
284,JVASP-145896,Li4MnCo2O7,3.3974356651306152,4.123454332351685,3.423,5.394364595413208,342.9884594584036,0.0334,0.017366665024773797,test,212.0,ranked_csv
285,JVASP-112284,LiCuHSO5,3.5913026332855225,4.28769850730896,3.573,4.736698865890503,146.0118117087325,0.0221,0.0171471306485812,train,225.0,ranked_csv
286,JVASP-119539,Li2MnPCO7,3.175454616546631,4.388728380203247,3.201,5.4951488971710205,239.51246287710504,0.0165,0.015004541681431463,train,70.0,ranked_csv
287,JVASP-145589,LiMnVO4,3.28507661819458,3.91681170463562,3.335,4.305737257003784,151.57653283327403,0.0123,0.014643975819156357,test,250.0,ranked_csv
288,JVASP-48902,Li2Co3O6,3.7063822746276855,4.11178183555603,3.764,5.041360139846802,186.97969682681503,0.0303,0.014349035078266015,train,346.0,ranked_csv
289,JVASP-122411,Li2V4CuNiO12,3.307652473449707,3.277745008468628,3.277,3.417468309402466,100.78014320183796,0.0085,0.014114628774877513,train,514.0,ranked_csv
290,JVASP-116810,LiV2PO7,3.0488648414611816,3.2542545795440674,3.027,3.5280978679656982,106.44228211486642,0.0,0.014041275162546949,train,422.0,ranked_csv
291,JVASP-46441,Li4CrFe3O8,3.026244640350342,3.413405656814575,3.033,4.277514219284058,285.66132789588335,0.0159,0.012558294405129719,train,343.0,ranked_csv
292,JVASP-50980,Li3ZrNbTe2O12,3.2168056964874268,4.3049759070078535,3.207,4.802976846694946,123.29205713254862,0.0079,0.010768197613235261,train,104.0,ranked_csv
293,JVASP-147447,Li2MnCr3O8,3.2166543006896973,4.0658814907073975,3.204,5.279048204421997,151.93430871626367,0.0106,0.010277642619598223,test,177.0,ranked_csv
294,JVASP-42829,Li3Co4O8,3.629631996154785,3.955729722976685,3.647,5.04371190071106,209.08656658041372,0.0306,0.008034122360013607,train,389.0,ranked_csv
295,JVASP-34840,LiFe2O4,3.442934513092041,4.426607370376587,3.477,4.952658891677856,146.7540207892472,0.0184,0.007749792216052556,train,141.0,ranked_csv
296,JVASP-48185,Li3Mn8O4F12,3.0189359188079834,3.7404367923736577,3.066,4.3434717655181885,106.87734197228984,0.0,0.007344643994922031,train,221.0,ranked_csv
297,JVASP-47969,LiNiPO4,3.36660099029541,4.279583215713501,3.345,5.043846368789673,166.87745836361157,0.0177,0.006983565147017909,train,164.0,ranked_csv
298,JVASP-111889,Li3Co4O8,3.62106990814209,3.993730783462525,3.647,5.031202077865601,209.08656658041372,0.0305,0.006708773176198196,train,370.0,ranked_csv
299,JVASP-146762,Li4MnCo3O8,3.318924903869629,3.5806996822357178,3.325,4.8297789096832275,276.6627160393659,0.0262,0.0064732113003869995,test,416.0,ranked_csv
300,JVASP-112500,Li4MnCo3O8,3.314303398132324,3.58014178276062,3.325,4.7847044467926025,276.6627160393659,0.0261,0.006064659788011961,train,414.0,ranked_csv
301,JVASP-132952,Li3Co4O8,3.627246856689453,3.979820489883423,3.648,5.013361692428589,209.08656658041372,0.0309,0.005479206828485905,val,383.0,ranked_csv
302,JVASP-44446,Li2Mn3CuO8,3.3778371810913086,4.415395498275757,3.403,4.88840651512146,144.78000367581032,0.0164,0.004728706640814442,train,127.0,ranked_csv
303,JVASP-145593,LiMnP2HO7,3.2172350883483887,3.5935795307159424,3.265,4.205849885940552,113.167446659503,0.008,0.003999651731288051,test,361.0,ranked_csv
304,JVASP-108188,Li2MnFeO4,3.007638454437256,3.245161294937134,3.026,3.9249465465545654,284.1206997931266,0.0164,0.003952427751192963,train,427.0,ranked_csv
305,JVASP-141594,LiVSiO5,3.4358162879943848,4.253260850906372,3.487,5.334157705307007,161.4887558287055,0.0202,0.003119387146566399,train,202.0,ranked_csv
306,JVASP-142139,Li4MnCo3O8,3.3189687728881836,3.612550973892212,3.32,4.54145359992981,276.6627160393659,0.0269,0.0018167509969551632,train,411.0,ranked_csv
307,JVASP-137751,LiVCrO4,3.1889758110046387,4.334214925765991,3.189,4.913396120071411,154.14117263381135,0.0114,-0.00014343681974919587,val,102.0,ranked_csv
308,JVASP-88744,LiCu2O2,3.2318530082702637,4.038738012313843,3.258,4.673734903335571,161.42378364332083,0.0137,-0.0010402325030327148,train,209.0,ranked_csv
309,JVASP-46237,Li4CrFe3O8,3.0123379230499268,3.353637933731079,3.033,4.233742952346802,285.66132789588335,0.0176,-0.002010511543005647,train,390.0,ranked_csv
310,JVASP-144049,Li2Fe3O6,3.165649890899658,3.777579307556152,3.229,4.833890676498413,193.22412948409203,0.0145,-0.002296934438636433,val,278.0,ranked_csv
311,JVASP-146938,Li3MnCo3O8,3.522047519683838,3.868486642837525,3.531,4.811114549636841,211.2815985064093,0.0287,-0.002984762522647233,test,400.0,ranked_csv
312,JVASP-137591,LiVF4,3.326225757598877,4.044994354248047,3.454,5.084073543548584,200.1961425422498,0.0212,-0.005334089873894998,val,253.0,ranked_csv
313,JVASP-144810,Li2Co3TeO8,3.3010847568511963,3.921905755996704,3.32,4.131407976150513,120.1114745913172,0.013,-0.005572075409505717,val,285.0,ranked_csv
314,JVASP-99278,LiCu2O2,3.216150999069214,4.2153565883636475,3.247,5.269799709320068,161.42378364332083,0.0139,-0.006026722772679835,train,155.0,ranked_csv
315,JVASP-140704,Li4MnCo2O7,3.5142900943756104,4.193340063095093,3.507,5.410417318344116,342.9884594584036,0.041,-0.006113189860710022,train,264.0,ranked_csv
316,JVASP-140985,Li5Co2Cu3O10,3.443615674972534,4.452584743499756,3.43,5.45859169960022,266.3086327887329,0.0316,-0.00685915176162788,val,156.0,ranked_csv
317,JVASP-91859,LiMnO2,3.147756814956665,2.94427752494812,3.173,4.078599691390991,285.49314655775396,0.0234,-0.00927426292920333,train,,cache
318,JVASP-43068,Li2Cr3FeO8,3.528715133666992,4.521417856216431,3.522,5.067123174667358,151.54473141798795,0.0244,-0.009358358952679863,train,,cache
319,JVASP-143566,Li7Mn2Co3O12,3.580745220184326,4.260814496449062,3.58,5.354939699172974,355.824412307483,0.0451,-0.01012278180265741,val,268.0,ranked_csv
320,JVASP-141853,Li2Ni3O6,3.690114974975586,3.964455604553222,3.679,4.680276870727539,187.45008096354584,0.0337,-0.011814174938122812,train,451.0,ranked_csv
321,JVASP-44390,Li2Cr3NiO8,3.740636348724365,4.765465974807739,3.729,5.4082419872283936,150.33410390884148,0.0321,-0.012128645041966424,train,,cache
322,JVASP-145391,Li3FeIrO5,3.3467893600463867,3.7992692788441977,3.434,5.0230114459991455,230.4631482373219,0.0258,-0.012676620710468212,test,367.0,ranked_csv
323,JVASP-117063,Li2MnV3O8,3.085144281387329,3.83393931388855,3.078,4.24419093132019,153.3091231439441,0.0096,-0.012810068680120336,train,249.0,ranked_csv
324,JVASP-140606,Li2Ni5O7,3.1550188064575195,3.224510669708252,3.16,3.661552906036377,127.8255095144192,0.0097,-0.012829911241700798,train,520.0,ranked_csv
325,JVASP-18433,LiNiO2,3.422674655914306,3.757185935974121,3.452,4.255172967910767,274.51196274536846,0.0326,-0.01337295043542655,train,426.0,ranked_csv
326,JVASP-79795,LiNiO2,3.425842761993408,3.652029514312744,3.452,4.078896999359131,274.51196274536846,0.0328,-0.013969206841236814,train,462.0,ranked_csv
327,JVASP-31180,LiMnO2,3.1468594074249268,2.98571515083313,3.17,4.310792684555054,285.49314655775396,0.0241,-0.014149716287260472,train,,cache
328,JVASP-146097,Li3MnNi3O8,3.464932680130005,3.9388763904571538,3.463,4.393657445907593,211.68175182171723,0.0286,-0.015361058711369058,test,362.0,ranked_csv
329,JVASP-44527,Li2Mn3VO8,3.4856367111206055,3.840340375900269,3.5,4.406946420669556,149.88266589733635,0.0238,-0.016398875699465465,train,423.0,ranked_csv
330,JVASP-47582,Li2Co3SbO8,3.312823534011841,4.2154319286346436,3.314,5.134251832962036,121.70410044706466,0.0152,-0.01653209739303166,train,201.0,ranked_csv
331,JVASP-145645,LiCrCO4,3.004209518432617,3.994396448135376,2.979,4.870846509933472,198.60981820136965,0.0118,-0.018557929130360862,test,169.0,ranked_csv
332,JVASP-47547,Li3Fe2CoO6,3.131051540374756,3.5807669162750244,3.168,4.91304612159729,279.72348386060645,0.0239,-0.020028346336797676,train,378.0,ranked_csv
333,JVASP-142685,LiVF4,3.821037769317627,4.06114935874939,3.785,4.680388450622559,200.1961425422498,0.0407,-0.020213412663944164,val,476.0,ranked_csv
334,JVASP-43052,LiFePO4,3.128246307373047,4.0741307735443115,3.149,4.827455759048462,169.89052695436877,0.0138,-0.02062529436373424,train,190.0,ranked_csv
335,JVASP-43692,LiVP2HO8,3.145371913909912,4.6459619998931885,3.104,5.471676588058472,107.70863871309014,0.0087,-0.02073013470318503,train,,cache
336,JVASP-48297,Li3Co4O8,3.626184701919556,4.116167306900024,3.659,5.02271294593811,209.08656658041372,0.0348,-0.020767909194400413,train,372.0,ranked_csv
337,JVASP-11672,Li2VGeO5,3.769620418548584,3.3226802349090576,3.812,4.380813837051392,246.4951691098945,0.0433,-0.021149032019770586,train,644.0,ranked_csv
338,JVASP-140699,Li4MnCo3O8,3.317582368850708,3.571677923202514,3.32,4.777160882949829,276.6627160393659,0.0303,-0.021172470029550944,train,461.0,ranked_csv
339,JVASP-146108,LiVF4,3.888835430145264,3.942021608352661,3.897,4.162959814071655,200.1961425422498,0.0433,-0.021773255372792732,test,559.0,ranked_csv
340,JVASP-117418,LiVCoO4,3.570754051208496,4.279502630233765,3.573,4.606369733810425,148.2273820689519,0.0275,-0.022276470997004555,train,284.0,ranked_csv
341,JVASP-111556,Li2TiCr3O8,3.243934631347656,4.278053998947144,3.228,4.547089338302612,155.04172365115292,0.0168,-0.022805343497699263,val,166.0,ranked_csv
342,JVASP-48139,LiNiCO4,3.3428125381469727,4.487459897994995,3.313,5.2237160205841064,189.21893864711072,0.0234,-0.022865784171036213,train,135.0,ranked_csv
343,JVASP-111993,Li2VCr3O8,3.355339527130127,4.387010812759399,3.345,5.180519342422485,153.6751347370386,0.0206,-0.02305682554406653,train,168.0,ranked_csv
344,JVASP-144260,Li2Mn3F8,3.842671632766723,4.071671009063721,3.791,4.9705400466918945,162.0975504330296,0.0384,-0.02318394676240748,train,487.0,ranked_csv
345,JVASP-34833,LiCuPO4,3.269106388092041,4.425227880477905,3.309,5.191709756851196,161.98323878675356,0.0186,-0.02469700843423775,train,132.0,ranked_csv
346,JVASP-43305,Li2Ni3SbO8,3.651918888092041,4.176016330718994,3.611,4.428207874298096,121.90321038517516,0.0283,-0.02485110806143767,train,363.0,ranked_csv
347,JVASP-48527,Li4Fe3CoO8,3.109361410140991,3.5135834217071533,3.137,4.5400049686431885,280.4768230818318,0.0241,-0.02594655101323115,train,413.0,ranked_csv
348,JVASP-132853,Li4Fe3CoO8,3.1131467819213867,3.5067617893218994,3.13,4.537559270858765,280.4768230818318,0.0243,-0.026399197232003763,val,421.0,ranked_csv
349,JVASP-122362,Li3CoNi3O8,3.5693001747131348,3.8599002361297607,3.571,4.346273422241211,209.4784408858613,0.0337,-0.026429026575584214,train,460.0,ranked_csv
350,JVASP-142870,LiFePHO5,3.2457871437072754,4.0873401165008545,3.255,4.885011911392212,153.3575204511899,0.0173,-0.026739330114299062,train,240.0,ranked_csv
351,JVASP-141810,LiFePO4,3.3425042629241943,3.928886651992798,3.36,4.509312391281128,169.89052695436877,0.0222,-0.026777028039335765,train,339.0,ranked_csv
352,JVASP-47069,LiMnFeO4,3.512667655944824,4.172762155532837,3.524,4.677566289901733,147.48645578852816,0.0262,-0.02757776745299853,train,311.0,ranked_csv
353,JVASP-42148,LiVNiO4,3.2483103275299072,3.1379358768463135,3.211,3.3303921222686768,148.42422260803002,0.0171,-0.027840831424032098,train,588.0,ranked_csv
354,JVASP-91986,Li2FeCoO4,3.2022762298583984,3.646987199783325,3.24,5.262314558029175,278.22888101788055,0.0275,-0.02837305055523287,train,404.0,ranked_csv
355,JVASP-120586,LiVF4,3.672961711883545,3.978189706802368,3.662,4.673585653305054,200.1961425422498,0.0369,-0.029330770919885285,train,465.0,ranked_csv
356,JVASP-147483,Li4MnCo2O7,3.5342559814453125,4.156692266464233,3.688,5.48793625831604,342.9884594584036,0.0454,-0.0308013521267978,test,332.0,ranked_csv
357,JVASP-133216,Li2MnP2O8,3.578838586807251,5.0550758838653564,3.487,5.4360058307647705,207.15098593732478,0.0345,-0.030968867903182568,val,,cache
358,JVASP-47023,LiV2OF5,3.281055212020874,3.3866970539093018,3.246,3.608318567276001,121.92721442754092,0.0164,-0.03178650110238532,train,541.0,ranked_csv
359,JVASP-7901,LiFeO2,3.0238640308380127,3.408099889755249,3.04,4.720872640609741,282.76138538152856,0.0223,-0.03243857916835349,train,437.0,ranked_csv
360,JVASP-120522,LiCo2O4,4.0917792320251465,4.18574595451355,4.103,4.808454751968384,141.9532468983532,0.0467,-0.03290034907862993,train,564.0,ranked_csv
361,JVASP-122345,Li4FeCo5O12,3.7429006099700928,4.106155872344971,3.753,5.086803674697876,187.9922558213015,0.0388,-0.03320120640714139,train,454.0,ranked_csv
362,JVASP-116897,LiMnPO4,3.0953805446624756,3.166429281234741,3.099,3.600649118423462,170.87288374783182,0.0148,-0.034336619838327934,train,562.0,ranked_csv
363,JVASP-62306,LiNiAsO4,3.4794766902923584,4.192752122879028,3.468,5.154894590377808,131.02424675542798,0.0246,-0.034717001417651605,train,297.0,ranked_csv
364,JVASP-144018,LiCo2O4,4.065638065338135,4.268028020858765,4.056,4.4771201610565186,141.9532468983532,0.0464,-0.036982232179272045,train,527.0,ranked_csv
365,JVASP-117252,Li2TiFe3O8,3.4013423919677734,4.274475336074829,3.408,4.644591569900513,150.03101978011097,0.0242,-0.03858619589241112,train,252.0,ranked_csv
366,JVASP-147097,Li2TiFe3O8,3.4011740684509277,4.275404691696167,3.408,4.667613744735718,150.03101978011097,0.0242,-0.03862535726438819,test,251.0,ranked_csv
367,JVASP-52797,Li2MoO3,3.079400539398194,3.2573602199554443,3.054,4.695573091506958,339.64576601868595,0.0305,-0.03934013521461155,train,522.0,ranked_csv
368,JVASP-137759,Li4CoNi3P4O16,3.3343653678894043,4.287882089614868,3.313,5.368887662887573,166.81519184149323,0.0236,-0.039887700252396255,val,220.0,ranked_csv
369,JVASP-119747,LiVNiO4,3.2023792266845703,3.3666326999664307,3.219,3.7157256603240967,148.42422260803002,0.0174,-0.04052694920024971,train,532.0,ranked_csv
370,JVASP-140211,Li4MnCo2O7,3.534816026687622,4.098497152328491,3.569,5.343938589096069,342.9884594584036,0.047,-0.04133772125412433,train,379.0,ranked_csv
371,JVASP-146773,Li4MnCo2O7,3.53331995010376,4.094059228897095,3.569,5.314055681228638,342.9884594584036,0.047,-0.04168579152205065,test,382.0,ranked_csv
372,JVASP-144028,Li2V2SiGeO10,3.6058621406555176,4.3724071979522705,3.636,5.295674085617065,142.37760843334112,0.0312,-0.042358301333363324,train,291.0,ranked_csv
373,JVASP-45862,Li3Co3NiO8,3.61570143699646,3.8828418254852295,3.639,4.747353792190552,209.2170283395039,0.0377,-0.04246031682618062,train,500.0,ranked_csv
374,JVASP-143954,LiFePO4F,3.7962417602539062,4.247764825820923,3.824,5.30700421333313,151.63002649890998,0.0388,-0.0430646025867967,train,443.0,ranked_csv
375,JVASP-142604,LiV2OF5,3.003420114517212,3.2943241596221924,3.022,3.466785192489624,121.92721442754092,0.0085,-0.04371313388059788,val,481.0,ranked_csv
376,JVASP-13168,LiCoPO4,3.1800122261047363,4.189325571060181,3.145,4.627910852432251,166.62867076341504,0.0188,-0.04391304184823874,train,207.0,ranked_csv
377,JVASP-147426,LiVF4,3.934796333312988,4.040961503982544,3.831,4.77739405632019,200.1961425422498,0.0483,-0.044413537259232805,test,572.0,ranked_csv
378,JVASP-42763,LiFeO2,3.008639097213745,3.522867441177368,3.048,4.80370831489563,282.76138538152856,0.0236,-0.04464740857115532,train,397.0,ranked_csv
379,JVASP-122389,Li4Co3Ni3Sn2O16,3.513134479522705,4.338679075241089,3.495,5.3594934940338135,122.65363782274488,0.0265,-0.0446803769658449,train,272.0,ranked_csv
380,JVASP-55326,LiCoPO4,3.1196818351745605,4.181046724319458,3.147,5.047292947769165,166.62867076341504,0.0169,-0.04528256528152176,train,187.0,ranked_csv
381,JVASP-133604,LiCoPO4,3.1835012435913086,4.245105981826782,3.145,4.631947755813599,166.62867076341504,0.0192,-0.0457679698215451,test,189.0,ranked_csv
382,JVASP-145652,Li2VCr3O8,3.01676344871521,3.94150710105896,3.006,4.763219118118286,153.6751347370386,0.0122,-0.0458283721337018,test,237.0,ranked_csv
383,JVASP-143568,Li7Mn2Co3O12,3.5363922119140625,4.208019018173218,3.557,5.337881803512573,355.824412307483,0.049,-0.046441747849248705,val,345.0,ranked_csv
384,JVASP-146777,Li7Mn4CoO12,3.360936164855957,4.0794238703591486,3.363,5.425135850906372,361.29973385520753,0.0437,-0.048575327180128025,test,321.0,ranked_csv
385,JVASP-141079,Li4MnCo2O7,3.556323528289795,4.130402326583862,3.574,5.145724534988403,342.9884594584036,0.0489,-0.049000551936826287,val,392.0,ranked_csv
386,JVASP-120424,Li7Mn4CoO12,3.2559542655944824,3.9730092116764615,3.278,5.318506479263306,361.29973385520753,0.0402,-0.049666597638824694,train,322.0,ranked_csv
387,JVASP-138817,LiNbF4,3.6587324142456055,3.717207193374634,5.129,4.422051191329956,152.41884690445806,0.0351,-0.04990703723769602,val,580.0,ranked_csv
388,JVASP-147437,LiFePO4,3.2370855808258057,4.055351495742798,3.267,5.3086817264556885,169.89052695436877,0.022,-0.04996991837545735,test,283.0,ranked_csv
389,JVASP-141624,Li7Cr5O12,3.159250497817993,3.993177448000227,3.167,5.413450479507446,374.800737349282,0.0382,-0.050561944049069496,train,274.0,ranked_csv
390,JVASP-40668,Li2VH2OF5,3.469731330871582,4.014044880867004,3.407,4.784737825393677,301.4267715599846,0.0424,-0.0512717634994998,train,407.0,ranked_csv
391,JVASP-133214,Li4MnCo5O12,3.718146800994873,4.070974826812744,3.755,4.9003212451934814,188.2917153386923,0.0408,-0.05211021417313921,val,488.0,ranked_csv
392,JVASP-142873,Li3MnFe3O8,3.1274971961975098,3.6192896366119385,3.175,4.415018320083618,216.55356856942137,0.0228,-0.05221636619080636,train,430.0,ranked_csv
393,JVASP-47597,Li2MnCo3O8,3.729524850845337,4.349978685379028,3.736,5.314857244491577,143.47118587937803,0.0371,-0.0522509742881018,train,381.0,ranked_csv
394,JVASP-144071,Li5Fe2Ni5O12,3.2197370529174805,3.4309783935546876,3.211,4.0659685134887695,212.0857621174288,0.0258,-0.05349299967560178,val,536.0,ranked_csv
395,JVASP-119423,Li7Mn2Co3O12,3.5158262252807617,4.226516825812204,3.534,5.315385580062866,355.824412307483,0.0495,-0.05455986864255602,train,344.0,ranked_csv
396,JVASP-44777,LiMnP2HO7,3.2435007095336914,3.603924036026001,3.255,4.359787702560425,113.167446659503,0.0178,-0.055222843492660906,train,480.0,ranked_csv
397,JVASP-106472,Li2CrNiO4,3.209929943084717,3.931360483169556,3.23,4.751201868057251,284.2616458487749,0.0324,-0.055563699708260444,train,331.0,ranked_csv
398,JVASP-117433,Li3Fe2NiO6,3.14750337600708,3.7220327854156494,3.174,5.052804231643677,279.9570341352289,0.03,-0.05672434485951297,train,398.0,ranked_csv
399,JVASP-40982,Li3Cr3FeO8,3.123988628387451,3.4265668392181396,3.133,4.154680490493774,222.9422145293541,0.024,-0.05711932021987813,train,506.0,ranked_csv
400,JVASP-147394,Li2Ni3SnO8,3.662989377975464,4.268779993057251,3.639,4.580686569213867,122.75467031022288,0.0337,-0.057753941496028305,test,395.0,ranked_csv
401,JVASP-154369,LiFeSO4F,3.799410343170166,4.02945351600647,4.219,4.771042108535767,150.6996512669442,0.0411,-0.05823064475219383,test,552.0,ranked_csv
402,JVASP-119273,Li2Ni3SnO8,3.663519859313965,4.265016317367554,3.639,4.588592290878296,122.75467031022288,0.0338,-0.05829718882466528,train,401.0,ranked_csv
403,JVASP-42723,LiFePO4,3.246301651000977,3.4900805950164795,3.267,3.7377712726593018,169.89052695436877,0.0237,-0.059159083388998154,train,535.0,ranked_csv
404,JVASP-8570,Li2CoCl4,3.2290732860565186,3.793254852294922,3.196,4.9286487102508545,249.7491649286206,0.0306,-0.0602503456456453,train,412.0,ranked_csv
405,JVASP-140648,LiFePO4,3.3271965980529785,3.961456537246704,3.343,4.073038339614868,169.89052695436877,0.0267,-0.06033843864526703,train,384.0,ranked_csv
406,JVASP-142679,Li2Ni3SnO8,3.6629323959350586,4.254473924636841,3.639,4.511991739273071,122.75467031022288,0.0341,-0.060433865341027154,val,409.0,ranked_csv
407,JVASP-96515,LiTiMnF6,3.278838872909546,3.027599573135376,3.295,3.217801332473755,119.7904036650594,0.0207,-0.062277703742632126,train,633.0,ranked_csv
408,JVASP-144060,LiV2OF5,3.0454249382019043,3.2418792247772217,3.048,3.478195905685425,121.92721442754092,0.0128,-0.06260715228056295,val,560.0,ranked_csv
409,JVASP-36866,Li2FeCuP2O8,3.2002737522125244,4.181979417800903,3.235,5.366908311843872,165.84268258626616,0.0223,-0.06301387523075952,train,247.0,ranked_csv
410,JVASP-42958,Li4V2SiGeO10,3.1465399265289307,3.4380927085876465,3.14,4.105895280838013,274.6289075636471,0.0307,-0.06487888053318985,train,525.0,ranked_csv
411,JVASP-116862,Li4CoCu3P4O16,3.2420496940612793,4.495703935623169,3.268,5.191889524459839,163.12014326738736,0.0238,-0.06496215540735363,train,159.0,ranked_csv
412,JVASP-46863,Li3Cr3CoO8,3.2100131511688232,3.6882145404815674,3.218,4.521624803543091,221.04940755320465,0.0281,-0.06559801486573255,train,455.0,ranked_csv
413,JVASP-119371,Li6TiNi7O16,3.5955419540405273,4.1925740242004395,3.614,5.028164625167847,212.6097142549402,0.0408,-0.06573902288397462,train,417.0,ranked_csv
414,JVASP-141591,Li3Co2CuO6,3.406224012374878,4.085371255874634,3.417,4.991040468215942,269.6038677946886,0.0395,-0.0662067102104571,train,376.0,ranked_csv
415,JVASP-141226,Li4MnCo2O7,3.512382984161377,4.134068727493286,3.538,5.408172845840454,342.9884594584036,0.05,-0.06655688931459747,train,406.0,ranked_csv
416,JVASP-42792,Li3Cr3FeO8,3.118387222290039,3.571385622024536,3.14,4.0150134563446045,222.9422145293541,0.0254,-0.06775585082407429,train,463.0,ranked_csv
417,JVASP-44592,Li2TiCo3O8,3.602304458618164,4.14891505241394,3.607,4.535356760025024,146.2389076443411,0.0353,-0.06815412900440115,train,446.0,ranked_csv
418,JVASP-48349,Li4MnFe3O8,3.0146713256835938,3.326744318008423,3.031,4.6019628047943115,283.43941285186946,0.0274,-0.06816198915216558,train,519.0,ranked_csv
419,JVASP-122527,Li4Mn3Co3O12,3.447498321533203,3.7779078483581543,3.465,4.497886896133423,190.9717764382149,0.0341,-0.06876971463593132,train,521.0,ranked_csv
420,JVASP-111896,Li2TiCo3O8,3.603555202484131,4.150959730148315,3.607,4.477123498916626,146.2389076443411,0.0355,-0.0691964700468114,train,448.0,ranked_csv
421,JVASP-119380,Li5Co2Ni5O12,3.36087417602539,3.605668067932129,3.369,4.206782817840576,210.03268947644324,0.0329,-0.06924762121541647,train,558.0,ranked_csv
422,JVASP-144046,Li4Mn2Cr3Co3O16,3.477656364440918,4.066246271133423,3.45,4.867627382278442,147.5815165667367,0.0313,-0.06966510381965102,val,428.0,ranked_csv
423,JVASP-119545,LiFePO4,3.2371273040771484,4.057148218154907,3.267,5.147427320480347,169.89052695436877,0.0253,-0.07196021123651122,train,317.0,ranked_csv
424,JVASP-141160,Li3TiNi3O8,3.491711378097534,4.304231882095337,3.489,4.619868993759155,215.69717598074644,0.0384,-0.07200455586147253,train,327.0,ranked_csv
425,JVASP-44438,Li2Co3SnO8,3.405584812164306,4.333952188491821,3.412,4.7065417766571045,122.55277150685342,0.0271,-0.07376417098097286,train,286.0,ranked_csv
426,JVASP-44747,Li4MgCo3O8,3.2716331481933594,3.88973069190979,3.273,4.496995210647583,300.4113332610773,0.0389,-0.07464904002749723,train,420.0,ranked_csv
427,JVASP-44427,Li2Mn3NiO8,3.4078454971313477,3.964451551437378,3.406,4.22957444190979,146.70279731916608,0.0298,-0.07644523284888241,train,449.0,ranked_csv
428,JVASP-8650,LiCuPO4,3.4949827194213867,4.569865465164185,3.508,5.489245176315308,161.98323878675356,0.035,-0.0814789977975432,train,,cache
429,JVASP-94993,LiCuPO4,3.494765043258667,4.641620874404907,3.508,5.313310384750366,161.98323878675356,0.0351,-0.08219630799482608,train,,cache
430,JVASP-143577,Li2NbCo3O8,3.3079416751861572,4.745378255844116,3.07,5.372183084487915,130.23604287172975,0.0257,-0.08244168942958703,val,,cache
431,JVASP-47105,LiMnPO4,3.2227883338928223,3.9962899684906006,3.243,5.242670297622681,170.87288374783182,0.0267,-0.08402784540012029,train,360.0,ranked_csv
432,JVASP-121316,Li7Mn4CoO12,3.2566614151000977,3.966706105640956,3.28,5.359835863113403,361.29973385520753,0.0455,-0.08483540883436202,train,394.0,ranked_csv
433,JVASP-141519,Li2MnCo3O8,3.719740629196167,4.082260847091675,3.739,4.570917367935181,143.47118587937803,0.0417,-0.08519399277232481,val,544.0,ranked_csv
434,JVASP-44686,Li2MnCrO4,3.0785069465637207,3.0975348949432373,3.113,5.170058965682983,290.0377497475754,0.0329,-0.08593517682175186,train,613.0,ranked_csv
435,JVASP-47887,Li3MnCo3O8,3.4993364810943604,3.86798644065857,3.51,4.65169358253479,211.2815985064093,0.0404,-0.08626860786318452,train,538.0,ranked_csv
436,JVASP-42460,Li2Fe3NiO8,3.4192380905151367,4.202035665512085,3.413,5.076605558395386,145.61843862799756,0.0316,-0.08645890318893472,train,369.0,ranked_csv
437,JVASP-112823,Li3Fe2Co2O8,3.3788938522338867,3.8820297718048096,3.416,4.654940843582153,212.49958693931677,0.0366,-0.08821082753334225,train,486.0,ranked_csv
438,JVASP-119249,LiCo2O4,3.7523508071899414,4.2048609256744385,3.77,4.760229825973511,141.9532468983532,0.0432,-0.08853686531626054,train,513.0,ranked_csv
439,JVASP-43000,LiVSiO5,3.4384212493896484,4.270097970962524,3.5,4.871680498123169,161.4887558287055,0.0341,-0.08894122123366766,train,354.0,ranked_csv
440,JVASP-145775,LiFeO2,3.021040916442871,3.834627866744995,3.053,5.007074594497681,282.76138538152856,0.0309,-0.09042872525746645,test,355.0,ranked_csv
441,JVASP-141646,LiFePO4,3.140470027923584,3.9371001720428462,3.185,4.885490655899048,169.89052695436877,0.0248,-0.09111471333267078,train,365.0,ranked_csv
442,JVASP-145656,Li4Mn3Ni3Sn2O16,3.233860492706299,4.227378606796265,3.231,5.3653247356414795,124.3589067691272,0.0241,-0.09261041885837086,test,288.0,ranked_csv
443,JVASP-122328,Li5Cu2Ni5O12,3.396690368652344,3.8735710620880126,3.4,5.241542339324951,207.03900956398687,0.0374,-0.09274855493451242,train,505.0,ranked_csv
444,JVASP-146934,LiFePO4,3.1083502769470215,3.9597280025482178,3.209,4.99768853187561,169.89052695436877,0.024,-0.09325421290691567,test,353.0,ranked_csv
445,JVASP-144053,Li2Fe2CoO6,3.3778247833251953,3.8511147499084473,3.41,4.577349901199341,191.0968196891081,0.0357,-0.09556971027573441,val,509.0,ranked_csv
446,JVASP-140991,LiCoPO4,3.4448578357696533,4.437479257583618,3.524,5.1098997592926025,166.62867076341504,0.0359,-0.09629528557186617,val,296.0,ranked_csv
447,JVASP-145966,LiCoPO4,3.475316286087036,4.4258434772491455,3.474,4.813523530960083,166.62867076341504,0.037,-0.09654229653577451,test,316.0,ranked_csv
448,JVASP-143920,Li3Mn4O8,3.170175552368164,3.2045085430145264,3.208,3.779409646987915,218.152213108751,0.0311,-0.09664110857763658,train,618.0,ranked_csv
449,JVASP-154550,LiFeMoClO4,3.170191764831543,3.23492169380188,2.281,3.5025813579559326,103.81065271256615,0.0207,-0.09734335466808126,test,614.0,ranked_csv
450,JVASP-44793,LiTiNiO4,3.814859390258789,4.5635902881622314,3.773,5.2857630252838135,150.99511186604494,0.0476,-0.09778869123264516,train,,cache
451,JVASP-122360,LiNiPO4,3.337900876998902,4.399034261703491,3.352,4.817782640457153,166.87745836361157,0.0328,-0.10036033731919991,train,276.0,ranked_csv
452,JVASP-44504,Li2Fe3CuO8,3.5559797286987305,4.414594411849976,3.564,4.613501310348511,143.7237811696384,0.0384,-0.10113912152102814,train,368.0,ranked_csv
453,JVASP-142158,Li7Mn4CoO12,3.234672784805298,3.921334368841989,3.263,5.270756006240845,361.29973385520753,0.0472,-0.1012845153310506,train,444.0,ranked_csv
454,JVASP-48163,Li3Fe3CoO8,3.2718281745910645,3.819565534591675,3.306,4.596702814102173,214.24822523431297,0.035,-0.10138244726446799,train,491.0,ranked_csv
455,JVASP-50078,LiCuPO4,3.2975659370422363,4.4072425365448,3.293,5.036710500717163,161.98323878675356,0.0311,-0.10140907455771511,train,261.0,ranked_csv
456,JVASP-151500,Li2Cu2TeO6,3.3160009384155273,4.25164532661438,3.423,4.580133438110352,147.03048498238536,0.0304,-0.10161264022795821,test,328.0,ranked_csv
457,JVASP-146971,Li3MnCo2O6,3.2551732063293457,3.440004587173462,3.278,4.949734926223755,277.61680623880056,0.0404,-0.10244120767670109,test,595.0,ranked_csv
458,JVASP-42233,LiVF4,3.3574228286743164,4.090647459030151,3.355,5.104138612747192,200.1961425422498,0.0369,-0.10274259007710704,train,425.0,ranked_csv
459,JVASP-144772,Li3Mn2Cr2O8,3.1593031883239746,3.307455778121948,3.18,3.8259127140045166,221.6913127459844,0.032,-0.10300276478457045,val,602.0,ranked_csv
460,JVASP-133654,LiVF4,3.3574748039245605,4.089083433151245,3.355,5.027279853820801,200.1961425422498,0.037,-0.103397164422115,val,431.0,ranked_csv
461,JVASP-43318,Li2MnCr3O8,3.2145638465881348,4.060455560684204,3.203,5.330284357070923,151.93430871626367,0.0276,-0.10354204610962023,train,371.0,ranked_csv
462,JVASP-42629,Li3Ni4O8,3.5379934310913086,4.055304527282715,3.553,4.598987102508545,209.60939228454137,0.0443,-0.10429916198902725,train,511.0,ranked_csv
463,JVASP-121791,LiVF4,3.357033014297486,4.09049129486084,3.355,4.9536285400390625,200.1961425422498,0.0372,-0.10483328248954668,train,434.0,ranked_csv
464,JVASP-48627,LiVF4,3.3568055629730225,4.087665557861328,3.355,5.207244634628296,200.1961425422498,0.0373,-0.1055528669308114,train,436.0,ranked_csv
465,JVASP-116868,Li4Fe3Ni3O12,3.4903879165649414,3.8144495487213135,3.502,4.144921541213989,190.29331497561904,0.0412,-0.10654014106549625,train,577.0,ranked_csv
466,JVASP-113229,Li2Co3BiO8,3.7828500270843506,4.203974008560181,3.783,4.633952856063843,101.58672002584828,0.0434,-0.1075007053022046,train,563.0,ranked_csv
467,JVASP-154000,LiFeSO4F,3.795690536499023,3.910259485244751,4.126,4.4411633014678955,150.6996512669442,0.0484,-0.10776274445793455,test,617.0,ranked_csv
468,JVASP-42994,LiVCrO4,3.185495376586914,4.334247827529907,3.188,5.011836767196655,154.14117263381135,0.0275,-0.10828651194928815,train,257.0,ranked_csv
469,JVASP-141023,LiNiSnO4,3.619496583938598,4.149983644485474,3.669,4.397458553314209,107.9216619062064,0.0386,-0.10962532590128188,val,516.0,ranked_csv
470,JVASP-141535,Li4Co5SnO12,3.540187358856201,4.180129766464233,3.58,4.955456972122192,169.3261345449135,0.0417,-0.11113070774757855,val,473.0,ranked_csv
471,JVASP-144045,Li4Cu3Ni3Te2O16,3.3722615242004395,4.31797194480896,3.418,5.360615968704224,118.37161182136286,0.0312,-0.11141149504633367,val,351.0,ranked_csv
472,JVASP-46198,Li2FeNiP2O8,3.2526583671569824,4.066642999649048,3.273,5.373768091201782,168.3705136723756,0.0317,-0.11194456904070665,train,405.0,ranked_csv
473,JVASP-147442,Li2V2OF6,3.57287073135376,3.7719027996063232,3.472,4.246885538101196,218.1156117170549,0.0475,-0.11230766153525787,test,605.0,ranked_csv
474,JVASP-112810,Li3Fe3NiO8,3.2475247383117676,3.661368608474731,3.285,4.3775389194488525,214.3852099534653,0.0361,-0.1142861965248233,train,567.0,ranked_csv
475,JVASP-144036,Li4Co5SnO12,3.5395102500915527,4.152380704879761,3.58,4.95440411567688,169.3261345449135,0.0424,-0.11595490741199999,val,494.0,ranked_csv
476,JVASP-144887,Li3Cr3NiO8,3.2518999576568604,3.8852927684783936,3.272,4.552471399307251,221.195230269206,0.0374,-0.11776350095904375,train,482.0,ranked_csv
477,JVASP-110727,LiCu3O3,3.0942325592041016,3.3914270401000977,3.127,3.920499563217163,109.13668435470032,0.0217,-0.11841990521299217,train,587.0,ranked_csv
478,JVASP-117087,Li2Fe3CoO8,3.4111568927764893,4.1625025272369385,3.435,5.077387094497681,145.52364017533657,0.0364,-0.1203971056477657,train,450.0,ranked_csv
479,JVASP-112836,Li2CoP2O7,3.5678868293762207,4.952142953872681,3.545,5.418407201766968,217.22841804793867,0.0486,-0.1213439725308669,train,,cache
480,JVASP-111951,Li3Fe4O8,3.112393379211426,3.655662775039673,3.175,4.7786619663238525,216.0258810583537,0.0332,-0.12538691617016626,train,531.0,ranked_csv
481,JVASP-140595,Li4CuNi3O8,3.4237074851989746,3.9614486694335938,3.438,4.8315064907073975,271.14285313631825,0.0492,-0.12586305506333792,val,540.0,ranked_csv
482,JVASP-43659,LiMnPO4,3.094003915786743,3.142017126083374,3.099,3.613736867904663,170.87288374783182,0.0285,-0.12599023328751902,train,630.0,ranked_csv
483,JVASP-47982,Li3FeCo3O8,3.5145912170410156,3.8748180866241455,3.526,4.73134446144104,210.77926142476343,0.047,-0.1270272155250508,train,586.0,ranked_csv
484,JVASP-137382,Li5Cr2Ni3O10,3.2828304767608643,3.9586422443389897,3.298,5.110201120376587,282.25669618168985,0.0455,-0.12716445348712951,train,484.0,ranked_csv
485,JVASP-116891,Li2TiFe3O8,3.1601507663726807,3.8552753925323486,3.171,4.6422646045684814,150.03101978011097,0.0291,-0.12736739215472995,train,474.0,ranked_csv
486,JVASP-48811,Li3CrCo3O8,3.506433486938477,3.9190495014190674,3.511,4.853528261184692,212.9276683862759,0.0471,-0.12827582605195106,train,579.0,ranked_csv
487,JVASP-48262,Li2Fe3O6,3.1647603511810303,3.7832067012786865,3.206,5.493650197982788,193.22412948409203,0.0336,-0.1298372239743018,train,508.0,ranked_csv
488,JVASP-112852,Li3Mn2FeO6,3.009500026702881,3.190368890762329,3.022,4.140605688095093,284.5767135299204,0.0369,-0.13200180517506627,train,619.0,ranked_csv
489,JVASP-108966,Li2MnNiO4,3.1908793449401855,3.829792737960815,3.214,5.152008771896362,279.8948892071589,0.0428,-0.13200409217077969,train,507.0,ranked_csv
490,JVASP-45932,LiVCoO4,3.5739340782165527,4.290275812149048,3.573,4.6042139530181885,148.2273820689519,0.0443,-0.1335366206012112,train,485.0,ranked_csv
491,JVASP-42799,Li5MnNi4O10,3.320115804672241,3.887411117553711,3.336,4.69420599937439,276.6400949045113,0.0475,-0.13526357568250152,train,547.0,ranked_csv
492,JVASP-143275,LiFePO4,3.242220401763916,3.8745954036712646,3.368,4.380991220474243,169.89052695436877,0.0352,-0.13677527465269523,test,518.0,ranked_csv
493,JVASP-44698,Li2FeNiO4,3.235687255859375,3.786856889724731,3.256,4.75298810005188,278.57561518268676,0.0452,-0.13838740528494065,train,557.0,ranked_csv
494,JVASP-137307,Li4Mn7O16,3.546198844909668,4.274048447608948,3.591,4.973066568374634,160.41089710116862,0.0452,-0.1385264206392857,test,490.0,ranked_csv
495,JVASP-112806,Li3SiNi3O8,3.4959747791290283,4.110385179519653,3.522,4.6585705280303955,227.7850181929922,0.0497,-0.13894163867062836,train,534.0,ranked_csv
496,JVASP-116516,Li3V3O8,3.068795680999756,3.6860198179880777,3.096,4.255458116531372,266.55524593611364,0.0394,-0.14591197869079126,train,537.0,ranked_csv
497,JVASP-140994,Li2FePCO7,3.289358139038086,4.2084009647369385,3.347,4.807872533798218,238.54575168212503,0.0446,-0.1464206783172111,val,433.0,ranked_csv
498,JVASP-101528,Li2MnCoO4,3.1926536560058594,3.40700364112854,3.198,4.592421293258667,279.5448652127011,0.0453,-0.14847236126847269,train,625.0,ranked_csv
499,JVASP-42785,Li2V3CrO8,3.0338492393493652,4.15429425239563,3.004,4.754411458969116,154.61004575807004,0.0284,-0.14928059592732817,train,342.0,ranked_csv
500,JVASP-119265,Li3Ni2SnO6,3.0693745613098145,3.865333318710327,3.082,4.9260900020599365,227.8287142481227,0.0365,-0.1501657091682063,train,472.0,ranked_csv
501,JVASP-141044,Li2Cr3NiO8,3.329737663269043,4.388464689254761,3.335,5.025412321090698,150.33410390884148,0.0386,-0.15105976867547155,val,374.0,ranked_csv
502,JVASP-45174,Li5Fe2Cu3O10,3.297204971313477,4.262315034866333,3.32,5.337640047073364,269.61796201324177,0.0485,-0.15156194342378537,train,419.0,ranked_csv
503,JVASP-44710,Li2MnFeO4,3.005396604537964,3.2753589153289795,3.025,3.9031455516815186,284.1206997931266,0.0397,-0.15190248402505863,train,621.0,ranked_csv
504,JVASP-44373,Li2AlFeO4,3.072679042816162,4.286283731460571,3.112,5.342817544937134,333.5464543494558,0.0466,-0.1519733637760652,train,300.0,ranked_csv
505,JVASP-143603,LiMnVF6,3.557680368423462,3.603902101516723,3.664,3.765669584274292,118.16660387492462,0.0438,-0.1523983797544778,val,655.0,ranked_csv
506,JVASP-44725,LiFePO4,3.3246042728424072,3.9729039669036865,3.344,4.118695020675659,169.89052695436877,0.0405,-0.15294155705533302,train,546.0,ranked_csv
507,JVASP-42989,Li2MnV3O8,3.066495180130005,3.8003876209259033,3.072,4.189997911453247,153.3091231439441,0.03,-0.1531488824422252,train,504.0,ranked_csv
508,JVASP-117289,Li4CoSn3P4O16,3.1526918411254883,3.879593133926392,3.155,5.348013639450073,130.30786187206368,0.0312,-0.1551840730515449,train,512.0,ranked_csv
509,JVASP-42660,Li2TiFe3O8,3.3984341621398926,4.266765356063843,3.408,4.689848184585571,150.03101978011097,0.0416,-0.15526281121164093,train,458.0,ranked_csv
510,JVASP-46857,Li2Co3SnO8,3.6440510749816895,4.58417534828186,3.638,4.983010530471802,122.55277150685342,0.0477,-0.15561704503461682,train,,cache
511,JVASP-44417,Li2VCr3O8,3.012596607208252,3.925859689712525,3.006,4.777381658554077,153.6751347370386,0.0286,-0.1561311435662464,train,447.0,ranked_csv
512,JVASP-116776,Li3V4FeO12,3.293530225753784,3.508016029993693,3.297,4.007457494735718,170.19450226645344,0.04,-0.15665156943475816,train,627.0,ranked_csv
513,JVASP-45864,Li3Fe2Ni2O8,3.3583033084869385,3.8217718601226807,3.389,4.062055826187134,212.7692721082135,0.0469,-0.16150280070230078,train,592.0,ranked_csv
514,JVASP-43661,Li4Mn3Co3Sn2O16,3.1741557121276855,4.047107934951782,3.174,5.159255266189575,124.25521742747736,0.0325,-0.1625645717314811,train,467.0,ranked_csv
515,JVASP-146245,Li2Si2NiO6,3.12951397895813,4.414327621459961,3.169,5.262952566146851,238.5080310569336,0.0415,-0.16296572122735659,test,292.0,ranked_csv
516,JVASP-43277,Li3V4FeO12,3.318739891052246,3.52298903465271,3.281,3.8999173641204834,170.19450226645344,0.0419,-0.16345307181142638,train,634.0,ranked_csv
517,JVASP-143934,LiCoSnO4,3.55594801902771,4.370116472244263,3.544,4.627296686172485,107.81755502695243,0.0445,-0.16380734497738317,train,498.0,ranked_csv
518,JVASP-121895,LiCoSnO4,3.555428266525269,4.36504864692688,3.544,4.630511522293091,107.81755502695243,0.0445,-0.16392826819396947,train,501.0,ranked_csv
519,JVASP-45795,Li3MnFe3O8,3.1413683891296387,3.621105909347534,3.175,4.423041582107544,216.55356856942137,0.0401,-0.1643224918447832,train,591.0,ranked_csv
520,JVASP-108828,Li2CrNiO4,3.1006908416748047,3.5543529987335205,3.104,4.400339365005493,284.2616458487749,0.0453,-0.16697876448899082,train,598.0,ranked_csv
521,JVASP-116861,LiCr2O4,3.2084012031555176,4.197753190994263,3.225,4.772886037826538,153.21190642877704,0.0372,-0.168193232173294,train,441.0,ranked_csv
522,JVASP-144419,Li4Mn3Fe3Co2O16,3.433103084564209,3.9903995990753174,3.438,4.663384675979614,146.06310394045698,0.0445,-0.16896076019837267,train,583.0,ranked_csv
523,JVASP-47678,LiVC2O6,3.209971189498902,4.116772890090942,3.25,4.423787355422974,150.65450345564966,0.0372,-0.1693944908113595,train,466.0,ranked_csv
524,JVASP-99366,LiNbGeO5,3.348005533218384,3.6073758602142334,3.39,5.082042455673218,106.15104728898916,0.0382,-0.17120709426719605,train,631.0,ranked_csv
525,JVASP-44582,Li2Fe3SnO8,3.0341310501098633,3.8905203342437744,3.04,4.300699472427368,125.204819376856,0.029,-0.17122705558966744,train,489.0,ranked_csv
526,JVASP-48920,LiV2OF5,3.0378265380859375,3.2338993549346924,3.047,3.4084532260894775,121.92721442754092,0.029,-0.17237496095607152,train,645.0,ranked_csv
527,JVASP-146730,Li4Mn5Cu3O16,3.431821346282959,4.499327898025513,3.424,5.325594186782837,143.11628900008785,0.0447,-0.17239735360364974,test,418.0,ranked_csv
528,JVASP-44509,Li2FeSnP2O8,3.1361913681030273,3.718012571334839,3.14,4.169366121292114,141.66446910940243,0.0343,-0.17273323055645642,train,581.0,ranked_csv
529,JVASP-42824,LiTiMnO4,3.2019877433776855,3.4487063884735107,3.198,3.5853488445281982,154.25877223371887,0.0385,-0.17771077235282517,train,640.0,ranked_csv
530,JVASP-141022,Li2VFe3O8,3.437605381011963,4.26196026802063,3.439,4.701666593551636,148.75097084398527,0.0465,-0.1796001705975922,val,524.0,ranked_csv
531,JVASP-47509,LiFePO4,3.410266399383545,3.682451486587525,3.402,3.938198328018189,169.89052695436877,0.0475,-0.17967846901696335,train,637.0,ranked_csv
532,JVASP-117265,LiV2O5,3.262775421142578,2.9652369022369385,3.268,3.1132571697235107,141.94121078222818,0.0399,-0.18044658604719635,train,,cache
533,JVASP-48011,Li4Mn2Cr3Co3O16,3.4724197387695312,4.077523946762085,3.45,4.8865697383880615,147.5815165667367,0.0478,-0.18088343296144171,train,585.0,ranked_csv
534,JVASP-43926,Li4Cr3Co3Sn2O16,3.08038330078125,4.250211954116821,3.092,4.732294321060181,125.53941471132352,0.0321,-0.18092793254509593,train,380.0,ranked_csv
535,JVASP-140538,Li3Mn4O8,3.168621063232422,3.3984010219573975,3.236,4.4177868366241455,218.152213108751,0.0439,-0.18233610217342097,val,648.0,ranked_csv
536,JVASP-48119,LiMn2F5,3.4387454986572266,3.5818943977355957,3.406,4.025076389312744,126.5360204160019,0.0459,-0.18894257294637448,train,659.0,ranked_csv
537,JVASP-46544,Li3CoCu4O8,3.241265296936035,4.048357407251994,3.243,4.651602506637573,174.0599333881599,0.0436,-0.19044353585822293,train,549.0,ranked_csv
538,JVASP-133636,Li3CoCu4O8,3.2432920932769775,4.034500598907471,3.243,4.682869911193848,174.0599333881599,0.0438,-0.19130532411623463,test,555.0,ranked_csv
539,JVASP-112839,Li3Mn3NiO8,3.229785203933716,3.524869203567505,3.251,4.090290307998657,215.95188439857196,0.048,-0.1967870693901369,train,649.0,ranked_csv
540,JVASP-48233,Li4Mn5O10,3.151608467102051,3.0971481800079346,3.182,3.718907117843628,231.82254714988784,0.0471,-0.19925381275225162,train,670.0,ranked_csv
541,JVASP-50508,Li5Cu3Sb2O10,3.2130401134490967,4.1234776973724365,3.192,5.388372182846069,213.09678799083977,0.0481,-0.20309844650153233,train,526.0,ranked_csv
542,JVASP-146780,Li4V5Co3O16,3.1018733978271484,3.603818655014038,3.091,4.613644361495972,149.883542861873,0.0389,-0.2063496051316725,test,622.0,ranked_csv
543,JVASP-42466,Li4Fe3Co3Sn2O16,3.224100112915039,4.05823016166687,3.214,4.629054307937622,123.86460141074612,0.0408,-0.20651734134945404,train,565.0,ranked_csv
544,JVASP-107881,Li2CuSnO4,3.127479076385498,4.248672246932983,3.172,5.3162522315979,206.0577741847799,0.045,-0.20664972825482283,train,452.0,ranked_csv
545,JVASP-144094,Li4Ti2Mn3Co3O16,3.3365225791931152,3.9327056407928462,3.35,4.555737257003784,148.6695468936417,0.0471,-0.20716750422158803,val,608.0,ranked_csv
546,JVASP-154237,LiV2O5,3.1889004707336426,3.03912615776062,3.333,3.2579801082611084,141.94121078222818,0.0418,-0.2103006574625621,test,681.0,ranked_csv
547,JVASP-111917,Li2Mn3CrO8,3.332750082015991,3.653714895248413,3.339,4.093747854232788,149.441986230218,0.0477,-0.21157204213545505,train,654.0,ranked_csv
548,JVASP-147127,LiMnP2O7,3.400534152984619,4.392934083938599,3.249,4.769301652908325,113.6511412160019,0.0473,-0.21505854982865283,test,517.0,ranked_csv
549,JVASP-132895,Li4Ni3SbO8,3.056023597717285,3.6628568172454834,3.057,4.391631603240967,236.34494543962015,0.0466,-0.2153886411734205,train,611.0,ranked_csv
550,JVASP-48745,LiVCuO4,3.342100143432617,3.3568851947784424,3.323,3.544949769973755,144.53996153244398,0.0482,-0.21573274409389925,train,671.0,ranked_csv
551,JVASP-140714,Li3Mn3CrO8,3.16147518157959,3.163950204849243,3.192,3.6836788654327393,219.9075246522698,0.0491,-0.2175900893471335,train,672.0,ranked_csv
552,JVASP-42171,LiMnSiO4,3.212902784347534,3.984980344772339,3.219,4.39910101890564,174.07838375537773,0.0467,-0.21769759202280087,train,582.0,ranked_csv
553,JVASP-142672,Li2Cr3SnO8,3.00728988647461,4.204225778579712,3.006,4.66599440574646,128.67526468124558,0.0354,-0.2180126594879202,val,445.0,ranked_csv
554,JVASP-145531,Li3V5O12,3.113828659057617,3.3884011109670005,3.158,3.8918182849884033,171.97954429936078,0.0436,-0.22136668736152026,test,658.0,ranked_csv
555,JVASP-44918,Li2TiNi2O5,3.1501755714416504,3.3119447231292725,3.128,3.9992401599884033,206.8551828337525,0.0482,-0.22221415119643556,train,664.0,ranked_csv
556,JVASP-143988,Li2Cr3CuO8,3.2487802505493164,4.863363981246948,3.279,5.388098478317261,148.31559793261206,0.0464,-0.2231313721401692,train,,cache
557,JVASP-133672,Li4Co3Ni3Te2O16,3.370760440826416,4.07218861579895,3.396,4.791173458099365,120.2083607553622,0.0484,-0.22530230545816532,val,604.0,ranked_csv
558,JVASP-144292,LiMnPO4,3.1718389987945557,3.7820041179656982,3.219,4.763847589492798,170.87288374783182,0.0462,-0.22588148237941613,val,620.0,ranked_csv
559,JVASP-133662,Li2Fe3SbO8,3.1240193843841553,4.006852388381958,3.137,4.669353723526001,124.3191530488798,0.0406,-0.22818989472940107,val,574.0,ranked_csv
560,JVASP-43466,Li2Fe3SbO8,3.123480319976806,4.002432107925415,3.137,4.674747705459595,124.3191530488798,0.0406,-0.22831531096458552,train,575.0,ranked_csv
561,JVASP-142545,Li2Fe3SnO8,3.166584014892578,4.144829034805298,3.175,4.4217846393585205,125.204819376856,0.0422,-0.22841116057675726,train,548.0,ranked_csv
562,JVASP-105096,LiCr2O4,3.1714460849761963,3.970304250717163,3.191,4.466960668563843,153.21190642877704,0.0455,-0.23212437261401697,train,589.0,ranked_csv
563,JVASP-153830,LiV2O5,3.209010124206543,2.8252599239349365,3.245,3.071005582809448,141.94121078222818,0.0461,-0.23428870503464308,test,,cache
564,JVASP-44413,Li2TiFe3O8,3.151297092437744,3.848207235336304,3.172,4.575248956680298,150.03101978011097,0.046,-0.242093913705771,train,616.0,ranked_csv
565,JVASP-11743,LiV2O5,3.1322133541107178,3.364666223526001,3.12,3.5397207736968994,141.94121078222818,0.0452,-0.24615588685640008,train,666.0,ranked_csv
566,JVASP-43192,Li2Co3WO8,3.060840129852295,3.860573053359986,3.05,5.062395811080933,106.6689995682875,0.0408,-0.25503373490885256,train,607.0,ranked_csv
567,JVASP-147436,Li2Cr3O6,3.043165922164917,3.952127695083618,3.255,5.4226086139678955,201.615932804756,0.0496,-0.25965313169402926,test,590.0,ranked_csv
568,JVASP-43113,Li2NiSnO4,3.028017997741699,3.720787763595581,3.095,4.706583261489868,209.97466624186575,0.0499,-0.2600572774352549,train,626.0,ranked_csv
569,JVASP-140950,LiAlCrO4,3.037571907043457,4.147966146469116,3.056,5.237005949020386,178.77637280255982,0.0489,-0.2702782010749348,train,566.0,ranked_csv
570,JVASP-141617,Li2V3FeO8,3.060629367828369,3.981309652328491,3.066,4.248518705368042,152.91247278100812,0.0495,-0.2847565614366786,train,610.0,ranked_csv
571,JVASP-122376,LiFe2O4,3.0247819423675537,4.455795526504517,3.069,4.793334245681763,146.7540207892472,0.0486,-0.2908689868599487,train,471.0,ranked_csv
