jid,formula,max_voltage,voltages
JVASP-64045,Ba4TaZn,-4.076283068818665,[-4.076283068818665]
JVASP-64129,KBaZn,-4.0726124955841065,[-4.0726124955841065]
JVASP-92194,Mg6ZnFe,-3.5998522950836183,[-3.5998522950836183]
JVASP-64862,Ba4TlZn,-3.9144160463043214,[-3.9144160463043214]
JVASP-38278,RbZnO3,2.8617487238220214,[2.8617487238220214]
JVASP-92195,CeMg6Zn,-3.7167238904663087,[-3.7167238904663087]
JVASP-64437,Ba4NbZn,-3.9343793107696534,[-3.9343793107696534]
JVASP-64014,Ba4ZnPd,-3.9500379277893067,[-3.9500379277893067]
JVASP-64389,Ba4ZnPb,-4.05161544815979,[-4.05161544815979]
JVASP-64588,Ba4ZnIn,-3.902179451150513,[-3.902179451150513]
JVASP-64544,Ba4ZnTe,-4.115455122155762,[-4.115455122155762]
JVASP-91944,CaZn3Se4,-0.6673191501327516,[-1.9448979808517457, -0.6673191501327516, -0.8294206573196412]
JVASP-64547,Ba4ZnSb,-4.188517661256409,[-4.188517661256409]
JVASP-63927,Ba4ZnFe,-4.075603337449646,[-4.075603337449646]
JVASP-64549,Ba4MnZn,-4.061847419900513,[-4.061847419900513]
JVASP-63930,Ba4VZn,-4.059805126351929,[-4.059805126351929]
JVASP-64339,Ba4ZnGa,-3.5766434385009767,[-3.5766434385009767]
JVASP-64153,Ba4ZnSe,-4.095024318856812,[-4.095024318856812]
JVASP-97445,Ba3Zn5In2O11,3.5889683054260253,[-2.2988984300323487, 3.31057241423645, 3.5889683054260253, 0.7787833498291015, -0.4310979558654786, 2.5787120149902343, 0.567962198095703, 0.5532355593017577, 0.5034013078979491, 0.08223011954345694]
JVASP-64399,Ba4HfZn,-3.974829764527893,[-3.974829764527893]
JVASP-86213,Li2ZnGe,-2.7202056361862184,[-2.7751234485336305, -2.7202056361862184, -2.9648743583389283, -2.8841982795425416]
JVASP-98373,TlZn2Sb2,-2.0321626974769593,[-3.5950245572753907, -2.968783826989746, -2.736283691091156, -2.0321626974769593]
JVASP-64703,Ba4TiZn,-4.304713697595215,[-4.304713697595215]
JVASP-64216,Ba4BeZn,-4.222010345620728,[-4.222010345620728]
JVASP-64407,Ba4ZnCd,-3.786525221032715,[-3.786525221032715]
JVASP-64042,Ba4ZnSi,-3.9870736314483644,[-3.9870736314483644]
JVASP-64364,Ba4ZnBi,-4.2937287999816895,[-4.2937287999816895]
JVASP-64228,Ba4ScZn,-3.7593346549697877,[-3.7593346549697877]
JVASP-90864,Li2ZnSi,-3.3522003604599,[-3.4316361858078004, -3.3522003604599]
JVASP-64178,Ba4ZnSn,-4.141249389810181,[-4.141249389810181]
JVASP-64236,Ba4ZnGe,-3.900974841279602,[-3.900974841279602]
JVASP-64367,Ba4ZrZn,-4.132462949914551,[-4.132462949914551]
JVASP-98018,Li2ZnI4,0.9230568693450927,[-3.317487569017029, -1.860877723855591, -0.056249709291076755, 0.9230568693450927]
JVASP-64580,Ba4ZnCu,-4.094012947244263,[-4.094012947244263]
JVASP-65131,BeZnCd4,-4.612804384393311,[-4.612804384393311]
JVASP-65146,Hf4BeZn,-1.749193163079834,[-1.749193163079834]
JVASP-97532,Ba2ZnH6O6,0.10182455046691885,[-0.16605875031433115, 0.10182455046691885]
JVASP-65297,BeZnGe4,-4.087834568185425,[-4.087834568185425]
JVASP-65187,Be2ZnGe,-4.049085469407654,[-4.049085469407654]
JVASP-65053,BeNb4Zn,-2.458733530206299,[-2.458733530206299]
JVASP-65137,Na4BeZn,-4.1152970506378175,[-4.1152970506378175]
JVASP-65302,BeZnPt4,-2.247543068093872,[-2.247543068093872]
JVASP-65224,Ca4BeZn,-3.3257631971069337,[-3.3257631971069337]
JVASP-92163,Ca3Zn,-3.1179470731445313,[-3.415938825769043, -3.1179470731445313]
JVASP-65192,BeZnFe4,-2.501151294869995,[-2.501151294869995]
JVASP-21525,RbZnF3,8.54557636244812,[2.5335469530395507, 3.481738118963623, 4.310086040335083, 3.87884428961792, 6.573969869451904, 8.54557636244812]
JVASP-90724,Li2ZnSi,-2.354625554246521,[-3.3935271217056275, -2.354625554246521]
JVASP-90471,SrZn,-2.816160650415039,[-3.346649618310547, -3.497706861657715, -3.8561138822265626, -2.816160650415039]
JVASP-62267,TlZnAsO4,1.5187175558380126,[-0.5163597776123048, 0.974242715673828, 1.2943289564422606, 1.5187175558380126]
JVASP-45913,LiV3Zn2O8,-1.100577325982666,[-2.0714873983093263, -1.100577325982666]
JVASP-64980,TiBeZn,-1.9531662179656983,[-1.9531662179656983]
JVASP-97325,Na2ZnGe,-2.8454248620697022,[-3.6147973252960206, -2.8454248620697022]
JVASP-86991,KZnAs,-2.157698304814911,[-2.157698304814911, -2.347728045148468]
JVASP-65543,BaZnBi2,-4.51243087784729,[-4.51243087784729]
JVASP-86167,Na6ZnSn2,-3.6622779084869386,[-3.6622779084869386]
JVASP-65308,Sc4BeZn,-1.5854389383026124,[-1.5854389383026124]
JVASP-65737,BaZn4Br,-3.882896514100647,[-4.533696146173096, -4.371906252069092, -3.882896514100647, -4.798463673753357]
JVASP-86994,KZnSb,-2.560922236604309,[-2.594719262284851, -2.560922236604309]
JVASP-65517,BaZn2Ru,-1.4888518168159486,[-2.487398774785614, -1.4888518168159486]
JVASP-65454,BaZnPt2,-2.558222980661011,[-2.558222980661011]
JVASP-65400,BaZnTe2,-4.501442880792236,[-4.501442880792236]
JVASP-69156,Ba2MgZn,-3.1159829808898927,[-3.1159829808898927]
JVASP-88222,Rb2ZnCl4,1.0951510952285766,[1.0951510952285766, 1.0426963852218627, 0.22699704630889883, 0.16733875735321035]
JVASP-65474,BaZn2Ru,-1.5939492894836427,[-2.4876807643600465, -1.5939492894836427]
JVASP-66244,BaZnBi,-4.862094254655457,[-4.862094254655457]
JVASP-88747,TlZnPO4,2.1427521990112304,[-1.2158407880493165, 2.1427521990112304, 0.20109656317749014, 0.00561621649780264]
JVASP-65407,BaZnCr2,-3.01775953309021,[-3.01775953309021]
JVASP-69204,Ba2ZnPb,-3.38302174345932,[-3.38302174345932]
JVASP-69369,K2BaZn,-3.6497330381103517,[-3.6497330381103517]
JVASP-66166,BaNaZn,-4.186168642205811,[-4.186168642205811]
JVASP-86932,SrZn5,-2.8195979310699464,[-4.039304227990723, -3.696115942163086, -2.8195979310699464, -3.85988018052063, -4.341049881143189]
JVASP-91918,Ca3Zn,-3.578451366586304,[-3.6039819432922364, -3.578451366586304]
JVASP-65485,BaZnPt2,-2.5627248002716065,[-2.5627248002716065]
JVASP-66528,BaTlZn,-4.544355125588989,[-4.544355125588989]
JVASP-65534,Ba2ZnIn,-3.0055471374221803,[-3.0055471374221803]
JVASP-65412,BaZnP2,-3.9739470197387696,[-3.9739470197387696]
JVASP-66532,BaSrZn,-3.9960183812805177,[-3.9960183812805177]
JVASP-66381,BaZnPb,-4.65379092232666,[-4.65379092232666]
JVASP-66258,Ba4ZnMo,-3.8313530399032594,[-3.8313530399032594]
JVASP-91630,SrZnSbF,-2.7061823322006227,[-2.7061823322006227, -2.9608317329116822]
JVASP-69051,Ba2ZnBi,-3.590891392392731,[-3.590891392392731]
JVASP-66066,Ba4ZnW,-4.091478080911255,[-4.091478080911255]
JVASP-61805,NaZn4As3,-1.5532332374282838,[-2.792316646737671, -3.019186706704712, -2.0871027423568727, -1.5532332374282838]
JVASP-85686,Na2ZnH4Se2O10,0.5848543928436278,[0.5848543928436278]
JVASP-89930,Ba3Zn2As4,-1.8023271276184083,[-3.3958135558792115, -1.8023271276184083]
JVASP-66174,Ba4ZnTc,-3.7199065400787354,[-3.7199065400787354]
JVASP-65685,Ba2LiZn,-2.9862870885559083,[-2.9862870885559083]
JVASP-66623,BaZnCd,-4.319786758584595,[-4.319786758584595]
JVASP-66587,BaCaZn,-4.089988203210449,[-4.089988203210449]
JVASP-66154,Ba4ZnOs,-3.5319838239379884,[-3.5319838239379884]
JVASP-66230,BaMgZn,-4.348234863442993,[-4.348234863442993]
JVASP-65609,Ba2ZnSn,-3.5046132518478395,[-3.5046132518478395]
JVASP-65721,Ba2TlZn,-3.1167475892730714,[-3.1167475892730714]
JVASP-69295,BaZnBi2,-4.0975182964035035,[-4.0975182964035035]
JVASP-69177,BaZnBi2,-3.99488195912323,[-3.99488195912323]
JVASP-91922,CaZn,-2.6308982087799073,[-4.4305507852264405, -2.6308982087799073, -4.286396475, -3.8902868940063478]
JVASP-66555,Ba4ZnCo,-4.3532614423461915,[-4.3532614423461915]
JVASP-66124,BaZnSb,-4.773153038186646,[-4.773153038186646]
JVASP-66397,BaLiZn,-4.179627628488159,[-4.179627628488159]
JVASP-66953,BeZnRu,-3.5986506654449464,[-3.5986506654449464]
JVASP-69143,BaZnSe2,-2.106423230332947,[-2.106423230332947]
JVASP-69348,BaZnCl2,-5.044189901513672,[-5.044189901513672]
JVASP-67173,Be2ZnRe,-3.3310651494689942,[-3.3310651494689942]
JVASP-67105,Be2ZnIn,-3.7768704010673524,[-3.7768704010673524]
JVASP-68988,K2BaZn,-3.650315733117676,[-3.650315733117676]
JVASP-66194,Ba4ZnIr,-3.6428515626617433,[-3.6428515626617433]
JVASP-87971,K4ZnO3,1.4635229395202636,[0.4186353967956542, 0.14163020117797842, 0.2898960398010253, 1.4635229395202636]
JVASP-66364,Ba4ZnRh,-3.8797379447647096,[-3.8797379447647096]
JVASP-67338,Be2NbZn,-2.666828842324829,[-2.666828842324829]
JVASP-88947,CaZn2,-2.394264669580078,[-3.592207880181885, -3.4295534803100587, -3.4914385987945558, -3.2213647081085206, -2.8483886434265138, -2.394264669580078, -3.6838650418945313, -4.18334004418335]
JVASP-66567,BaZnTe,-4.75534817711792,[-4.75534817711792]
JVASP-69150,BaZnP2,-3.950458259744263,[-3.950458259744263]
JVASP-67780,TiBeZn2,-1.358002157373047,[-3.2114834500976563, -1.358002157373047]
JVASP-66527,Ba4ZnRe,-3.702376575631714,[-3.702376575631714]
JVASP-66642,Ba4ZnPt,-3.9083989574142457,[-3.9083989574142457]
JVASP-68174,HfBeZn2,-3.2462219907470704,[-3.2462219907470704, -3.8858942701049806]
JVASP-68108,KBeZn2,-3.7154528810211183,[-4.314248056573486, -3.7154528810211183]
JVASP-92176,KZn4P3,-0.42621770636520395,[-3.9135108305641175, -0.7476479126640321, -1.4827792956062318, -0.42621770636520395]
JVASP-88948,SrZn2,-3.082586260003662,[-3.695230455560303, -3.44040677086792, -3.082586260003662, -3.1868591024108888, -3.324730844659424, -3.161617250604248, -3.6691722585388185, -3.4548454000183106]
JVASP-69189,Ba2YZn,-3.0744064165779115,[-3.0744064165779115]
JVASP-67194,Be2ZnCr,-3.5688681317993165,[-3.5688681317993165]
JVASP-68711,Be2ZnMo,-3.379636736077881,[-3.379636736077881]
JVASP-68115,BeNbZn2,-3.203973026437378,[-3.203973026437378, -3.997997970742798]
JVASP-67536,Be2ZnPd,-3.7274934961029054,[-3.7274934961029054]
JVASP-68478,MgBeZn,-3.560740800065613,[-3.560740800065613]
JVASP-67362,LiBeZn,-3.1519593311973573,[-3.1519593311973573]
JVASP-67049,Be2ZnGe,-3.929758520288086,[-3.929758520288086]
JVASP-66797,MgBeZn,-3.35320350663147,[-3.35320350663147]
JVASP-68117,BeZn2Re,-3.4497017575927735,[-3.4497017575927735, -4.220778913659668]
JVASP-66904,HfBeZn,-2.7681336118408204,[-2.7681336118408204]
JVASP-90568,Mg3Zn,-3.476471872491455,[-3.476471872491455, -3.6326031400390626]
JVASP-67910,YBeZn2,-2.301338405770874,[-3.154825658959961, -2.301338405770874]
JVASP-67915,TaBeZn2,-3.228652210397339,[-3.228652210397339, -4.0447804643341065]
JVASP-73553,Be2ZnRh,-3.0807656957336427,[-3.0807656957336427]
JVASP-68723,BeZn2Cl,-3.278725118798828,[-3.278725118798828, -3.9982099248596192]
JVASP-67866,BeZn2In,-3.782117457551575,[-4.232909054917908, -3.782117457551575]
JVASP-88283,Na2ZnP2O7,4.356097726660156,[4.356097726660156, 4.296098260717773, 0.383049039678955, -0.03522583977661142]
JVASP-67710,ScBeZn2,-1.2592577649780274,[-3.42073485390625, -1.2592577649780274]
JVASP-66912,BeZnCl,-4.019634635610199,[-4.019634635610199]
JVASP-63516,KZnAs,-2.1946345283218385,[-2.1946345283218385, -2.351684422654724]
JVASP-91879,Mg7Zn,-3.605776519937134,[-3.605776519937134]
JVASP-67869,BeZn2Cu,-1.6732246591278077,[-3.6610104753204347, -1.6732246591278077]
JVASP-86815,Li2ZnGe,-2.8459652973838807,[-2.879398138684845, -2.8459652973838807, -2.8982438756652833, -2.897452087564087]
JVASP-68246,BeZn2Si,-1.7717177583404542,[-4.225803346795654, -1.7717177583404542]
JVASP-67292,HfBe2Zn,-2.7563192559906007,[-2.7563192559906007]
JVASP-68740,BeZnW,-3.55085918442688,[-3.55085918442688]
JVASP-68796,LiBeZn,-3.739926428956604,[-3.739926428956604]
JVASP-66998,ZrBeZn,-3.2972694350906373,[-3.2972694350906373]
JVASP-67630,ZrBeZn,-2.773036213082886,[-2.773036213082886]
JVASP-91780,NaZn4As3,-1.562864275140381,[-2.819715113801575, -3.1074830009170533, -2.0814230157562257, -1.562864275140381]
JVASP-67930,CaBeZn2,-2.8005957318969728,[-3.9244732572265626, -2.8005957318969728]
JVASP-73209,Be2ZnRu,-2.708688707513428,[-2.708688707513428]
JVASP-86312,SrZn5,-2.8195979310699464,[-4.039304227990723, -3.696115942163086, -2.8195979310699464, -3.8965489579864503, -4.304381103677368]
JVASP-68681,Be2ZnTe,-3.4590695811935426,[-3.4590695811935426]
JVASP-66757,BeZnMo,-3.4571673585601808,[-3.4571673585601808]
JVASP-86769,Na6ZnSn2,-3.662898273629761,[-3.662898273629761]
JVASP-67721,BeZnP,-4.395834655923462,[-4.395834655923462]
JVASP-67085,SrBe2Zn,-3.2512502385803224,[-3.2512502385803224]
JVASP-67010,BeZnCr,-3.7633890821166993,[-3.7633890821166993]
JVASP-68812,Mn2Be2Zn,-3.3902439786621095,[-3.3902439786621095]
JVASP-74093,BeZn2Cd,-3.694786997003174,[-4.006120653314209, -3.694786997003174]
JVASP-90847,SrZnAsF,-1.3854803754516603,[-2.93167349831543, -1.3854803754516603]
JVASP-68061,BeZn2Ir,0.36842515929260244,[-3.276142807168579, 0.36842515929260244]
JVASP-67724,BeZnNi4,-1.9474559737869264,[-1.9474559737869264]
JVASP-73332,Be2ZnCr,-2.5294346524902345,[-2.5294346524902345]
JVASP-91984,LiZnO2,2.6451473520568847,[0.4177966402343749, 2.6451473520568847]
JVASP-68008,BeZn2P,-1.9495640708633424,[-4.215671868486023, -1.9495640708633424]
JVASP-68157,BeZn2Mo,-0.6534137441345216,[-2.8387212468811036, -0.6534137441345216]
JVASP-72771,BeZnCo,-3.815299244088745,[-3.815299244088745]
JVASP-66855,Be2ZnBr,-3.6213954998680116,[-3.6213954998680116]
JVASP-69802,BeZnTe,-4.963818819684601,[-4.963818819684601]
JVASP-67314,YBeZn,-2.8267494155593873,[-2.8267494155593873]
JVASP-68633,Be2ZnGa,-3.964508981866455,[-3.964508981866455]
JVASP-68158,BeZn2Ge,-2.596469135446167,[-4.2426118566223145, -2.596469135446167]
JVASP-91697,BaZnAsF,-1.1978890611358644,[-3.0430624200531007, -1.1978890611358644]
JVASP-67947,BeZn2Bi,-3.470951171083069,[-4.536624283952332, -3.470951171083069]
JVASP-75824,BeZn2As,-3.6911305500694276,[-4.331011326474762, -3.6911305500694276]
JVASP-69931,Be2ZnCr,-3.691791267556763,[-3.691791267556763]
JVASP-70025,Be2ZnBr,-3.468996198339081,[-3.468996198339081]
JVASP-69871,BeZnP,-4.38536366955719,[-4.38536366955719]
JVASP-67330,Be2ZnFe,-3.1908986283966065,[-3.1908986283966065]
JVASP-74046,ScBeZn,-2.8629755689331056,[-2.8629755689331056]
JVASP-68831,BeZnGa,-3.8593156053253175,[-3.8593156053253175]
JVASP-69735,Be2ZnW,-3.2104839994140626,[-3.2104839994140626]
JVASP-68080,BeZn2Ge,-4.041594953698731,[-4.2647230340667726, -4.041594953698731]
JVASP-70843,YBeZn2,-3.189987273377991,[-3.189987273377991, -3.45988759533844]
JVASP-68836,Be2ZnSb,-3.7584199620910645,[-3.7584199620910645]
JVASP-70767,LiBeZn2,-3.152498932046509,[-3.890618295831299, -3.152498932046509]
JVASP-69747,BeZn2Pd2,-2.3418242646881104,[-3.9325588657089234, -2.3418242646881104]
JVASP-68168,BeZn2Sn,-3.1736871911712647,[-4.4313559247680665, -3.1736871911712647]
JVASP-71164,BeZn2Ga,-4.095939369363403,[-4.162948341531372, -4.095939369363403]
JVASP-68084,BeZn2Tc,0.5140679167083739,[-3.485554428262329, 0.5140679167083739]
JVASP-67614,BeZnCu4,-2.8853605701156617,[-2.8853605701156617]
JVASP-68088,BeZn2Se,-3.246320815248108,[-4.645681710404968, -3.246320815248108]
JVASP-70587,Be2ZnSi,-3.9440765096374513,[-3.9440765096374513]
JVASP-67957,BeZn2W,1.151160268621826,[-3.51096341149292, 1.151160268621826]
JVASP-71503,BeZnSn,-3.695856185121155,[-3.695856185121155]
JVASP-91248,LiNbZnO4,2.299314050512695,[0.9861274050048827, 2.299314050512695, -1.581351251763916, -1.5781478597351075]
JVASP-70133,BeZnSn4,-4.285387368363953,[-4.285387368363953]
JVASP-70957,SrBe2Zn,-3.920094223184204,[-3.920094223184204]
JVASP-71548,Be2ZnHg,-3.5973027660079957,[-3.5973027660079957]
JVASP-70885,BeZn2Co,-3.0473335696884156,[-3.0473335696884156, -4.316469521684265]
JVASP-70062,Be2ZnRe,-3.044204206628418,[-3.044204206628418]
JVASP-69590,Be2ZnPb,-4.452473611993408,[-4.452473611993408]
JVASP-69899,BeZnSi,-3.8093501044937135,[-3.8093501044937135]
JVASP-71211,BeZnRu4,-2.9058685018249513,[-2.9058685018249513]
JVASP-70065,Be2ZnTe,-3.1242357207962037,[-3.1242357207962037]
JVASP-96729,BaZn2As2,-1.3215410424896241,[-3.920634837312317, -3.011075349015808, -2.912030430001831, -3.382428379220581, -1.890520067376709, -1.4494530870147706, -1.693371744317627, -1.3215410424896241]
JVASP-91469,SrZnP2O7,3.0027594850830077,[-0.1000866605468751, 1.6539149568847655, 3.0027594850830077, 1.207204370336914]
JVASP-71556,Be2ZnIn,-3.287637920541382,[-3.287637920541382]
JVASP-71475,BeZnPb,-3.748621554536438,[-3.748621554536438]
JVASP-70452,BeZnTc,-3.6188492490478517,[-3.6188492490478517]
JVASP-71071,MgBeZn2,-3.715591163796997,[-3.8965441896148683, -3.715591163796997]
JVASP-71003,ScBe2Zn,-2.737997980279541,[-2.737997980279541]
JVASP-70746,BeZn2Pb,-3.400454254312134,[-4.13539287583313, -3.400454254312134]
JVASP-69843,MnBe2Zn,-3.6437987996765138,[-3.6437987996765138]
JVASP-69390,Be2ZnGa,-3.964916856450653,[-3.964916856450653]
JVASP-70147,TiBe2Zn,-3.212025137109375,[-3.212025137109375]
JVASP-74169,K2BeZn,-4.029877157373047,[-4.029877157373047]
JVASP-69771,BeZnPt,-3.6001369668670655,[-3.6001369668670655]
JVASP-74253,Sr2BeZn,-3.199080677194214,[-3.199080677194214]
JVASP-74172,Y4BeZn,-1.993784399194336,[-1.993784399194336]
JVASP-71879,BeZnFe2,-2.9428724958129884,[-2.9428724958129884]
JVASP-74209,Be2ZnMo,-3.284471006555176,[-3.284471006555176]
JVASP-69521,Be2ZnRu,-3.464398355645752,[-3.464398355645752]
JVASP-71116,BeZn2Bi,-3.2546463920303346,[-4.190756530923462, -3.2546463920303346]
JVASP-69920,Be2ZnRe,-3.2586946202941895,[-3.2586946202941895]
JVASP-71571,Be2ZnSe,-3.6880604936309815,[-3.6880604936309815]
JVASP-71572,BeZnIn,-3.7164270593353272,[-3.7164270593353272]
JVASP-92268,CaZn2N2,-0.713715047998047,[-2.1053008748718263, -0.713715047998047]
JVASP-71080,BeZn2Ru,-3.085902066392517,[-3.085902066392517, -4.08432492749176]
JVASP-70099,BeZnOs,-3.5900118066497804,[-3.5900118066497804]
JVASP-70709,BeZnRe,-3.641573877496338,[-3.641573877496338]
JVASP-71530,Be2ZnPb,-3.3832689239212037,[-3.3832689239212037]
JVASP-70626,Be2ZnP,-3.863260240716553,[-3.863260240716553]
JVASP-19887,BaZn,-3.3686093999572755,[-3.3686093999572755]
JVASP-71886,BeZnFe2,-3.036236734552002,[-3.036236734552002]
JVASP-70975,TaBe2Zn,-3.322069139642334,[-3.322069139642334]
JVASP-69801,LiBe2Zn,-2.710837097329712,[-2.710837097329712]
JVASP-70798,Be2ZnBi,-4.337063045663452,[-4.337063045663452]
JVASP-70343,Be2ZnIr,-3.3329581929870606,[-3.3329581929870606]
JVASP-74612,BeZnFe,-3.88545128838501,[-3.88545128838501]
JVASP-70799,BeZn2Pb,-3.402035803956604,[-4.135515184564209, -3.402035803956604]
JVASP-53095,NaLiZnP2O7,3.381293325262451,[3.381293325262451, 0.2707777307800292]
JVASP-70940,BeZn2Ga,-4.096126408738709,[-4.1630429937072755, -4.096126408738709]
JVASP-70182,Be2ZnRh,-3.3656403733917237,[-3.3656403733917237]
JVASP-74358,LiBe2Zn,-2.8898769332595826,[-2.8898769332595826]
JVASP-71423,Be2ZnCd,-3.409181208772278,[-3.409181208772278]
JVASP-72086,BeZnOs2,-2.6078157140441895,[-2.6078157140441895]
JVASP-74519,BeZnSb2,-4.689767928285217,[-4.689767928285217]
JVASP-70980,BeZn2Cr,-3.751963944596863,[-3.751963944596863, -4.200506062669373]
JVASP-74804,BeZnIn4,-4.526255102319336,[-4.526255102319336]
JVASP-74268,ZrBe2Zn,-3.0662393285461427,[-3.0662393285461427]
JVASP-71021,BeZn2Fe,-3.654350371522522,[-3.654350371522522, -4.103005261582947]
JVASP-74849,Be2ZnP,-3.089580984277344,[-3.089580984277344]
JVASP-70985,BeZnHg4,-4.4690215303131104,[-4.4690215303131104]
JVASP-74755,Be2ZnBr,-3.241465838117218,[-3.241465838117218]
JVASP-71502,BeTlZn,-3.8000969602294923,[-3.8000969602294923]
JVASP-74277,Be2ZnHg,-3.772949667138672,[-3.772949667138672]
JVASP-74485,SrBe2Zn,-3.8677694513031007,[-3.8677694513031007]
JVASP-74756,BeZnIr,-3.32089468972168,[-3.32089468972168]
JVASP-43091,KLiZnS2,-0.2674758149810792,[-0.2674758149810792]
JVASP-74321,Be2ZnFe,-3.6964485360809327,[-3.6964485360809327]
JVASP-92320,CaZn3,-2.9601220800109864,[-3.6526691629119874, -3.687556476754761, -3.6689686490722657, -2.9601220800109864, -3.92838284508667, -4.572183103723145]
JVASP-75005,BeZnBi2,-4.6035271598526,[-4.6035271598526]
JVASP-74367,Hf2BeZn,-2.224405260247803,[-2.224405260247803]
JVASP-74322,Be2VZn,-3.3532309247680665,[-3.3532309247680665]
JVASP-74528,BeZnP4,-4.215994806451416,[-4.215994806451416]
JVASP-74631,Be2TlZn,-4.375189752740479,[-4.375189752740479]
JVASP-74718,Be2ZnCo,-3.6190294934936524,[-3.6190294934936524]
JVASP-74908,Be2ZnCr,-3.6934315873809815,[-3.6934315873809815]
JVASP-94774,CaMg6Zn,-3.70585128800354,[-3.70585128800354]
JVASP-74192,BeZnCd2,-4.344346971673584,[-4.344346971673584]
JVASP-93924,CaZn,-3.07657095925293,[-3.3182339383789063, -3.07657095925293, -3.096938343209839]
JVASP-105985,SrZnSi,-2.6007860614486695,[-2.6007860614486695]
JVASP-74241,BeZnSe2,-4.1867575360961915,[-4.1867575360961915]
JVASP-71806,BeZnPt2,-3.180002660913086,[-3.180002660913086]
JVASP-93218,CaZn,-3.6737109138198853,[-3.80114576355896, -3.888599605722046, -3.6737109138198853]
JVASP-74769,La2BeZn,-3.0433902455993653,[-3.0433902455993653]
JVASP-94257,CaZn3,-3.3758022500701905,[-3.6636604978271485, -3.6530284597106935, -3.3758022500701905, -3.8535825921722413, -3.5937468721099854, -3.5263130380340577]
JVASP-75014,BeZnPd,-3.6954658939071656,[-3.6954658939071656]
JVASP-94789,CaZn,-3.7957291318603517,[-3.7957291318603517, -4.207663507623291, -4.584639282388306, -4.636534423989868]
JVASP-72013,BeZnCr2,-2.9675268842407228,[-2.9675268842407228]
JVASP-3153,LiZnPS4,-1.8930015279479981,[-1.8930015279479981]
JVASP-42887,LiZnAg2,-3.056319446725464,[-3.056319446725464]
JVASP-71810,BeZnIr2,-3.269726247949219,[-3.269726247949219]
JVASP-94389,Mg2Zn,-3.459881754083252,[-3.8334741307922364, -3.459881754083252]
JVASP-92290,SrZn2P2,-2.0242330743499757,[-2.2671036435791017, -2.0242330743499757]
JVASP-74737,MnBe2Zn,-3.329139204187012,[-3.329139204187012]
JVASP-3366,Ba2MnZn2As2O2,-0.7120890332885743,[-3.810791464013672, -0.7120890332885743]
JVASP-74466,Be2ZnSi,-4.139321775598145,[-4.139321775598145]
JVASP-105994,Sr2ZnSb2,-3.408447952432251,[-3.408447952432251]
JVASP-105995,Sr2ZnBi2,-3.8229769183822633,[-3.8229769183822633]
JVASP-98982,Ba2ZnO3,2.02954271300354,[-1.1738140298553468, 0.3025939749053954, 1.9411275671295165, 2.02954271300354]
JVASP-94834,BaZnBO3F,1.5767998979858397,[1.5767998979858397]
JVASP-94393,Mg2Zn,-3.5692505552001954,[-3.837611646813965, -3.5692505552001954]
JVASP-94394,Mg5Zn,-3.7168452455230714,[-3.7168452455230714]
JVASP-91440,SrZnSe2O6,0.030266313391113187,[-0.9269323064514161, -0.3527879430480958, -0.6336836530395509, 0.030266313391113187]
JVASP-106161,BaZn2N2,-1.324550123376465,[-1.6083440496154786, -1.324550123376465]
JVASP-105799,LiCeZn2,-2.615091831845856,[-2.834781677884674, -2.615091831845856]
JVASP-92711,BaZn2Si2,-2.239667148751831,[-4.145872564477539, -2.239667148751831]
JVASP-3165,K4ZnP2,-1.9106300784774781,[-1.9106300784774781]
JVASP-94398,Mg5Zn,-3.474879474801636,[-3.474879474801636]
JVASP-94399,Mg2Zn,-3.7258264733978272,[-3.7258264733978272, -4.40251991288147]
JVASP-93751,CaZnPb,-3.6774797155090333,[-3.6774797155090333, -3.916973562402344]
JVASP-99846,Sr2ZnIn,-3.5001958324142457,[-3.5001958324142457]
JVASP-93753,CaZnSn,-3.444625349206543,[-3.444625349206543, -3.5215282155700685]
JVASP-3216,NaZnAs,-1.4820707751937867,[-3.5213068439193727, -1.4820707751937867]
JVASP-99128,Ba2ZnSi2O7,4.22844031317749,[4.22844031317749, -1.0817441655822755]
JVASP-100048,BaZn2N2,-0.20256802575073252,[-1.503620119256592, -0.20256802575073252, -0.8823322965332032, -1.5000137998291017]
JVASP-99613,Sr2Zn3Cd,-3.3735794736572267,[-3.79635855690918, -3.543002100152588, -3.3735794736572267]
JVASP-18895,NaZnAs,-1.9772852374740602,[-1.9772852374740602]
JVASP-52829,K2ZnH4,0.09707024558105459,[-0.6752466870971681, -1.0629882528015138, -0.6542777730651856, 0.09707024558105459]
JVASP-95315,Ba2ZnGe2S6O,-2.0268096639343263,[-2.0268096639343263, -2.187157602471924]
JVASP-100356,RbLiZnS2,-0.37884065644226084,[-0.37884065644226084]
JVASP-96952,Ba2ZnB2O6,5.92839148505249,[-0.3834714605041505, 0.21652319891967764, 3.3978672312072753, 3.6593399332336425, 1.7056980417541503, 5.92839148505249, 3.4486680315307616, 1.5713410661987304]
JVASP-102203,KZnCuTe2,-3.2232451154418946,[-3.2232451154418946]
JVASP-100730,LiNdZn2,-2.6456821872421266,[-2.6456821872421266, -2.9027477218338014]
JVASP-103512,Ca2ZnGa3,-3.6994141055770875,[-3.6994141055770875]
JVASP-99546,Ba2ZnMoO6,-3.29723689095459,[-3.29723689095459]
JVASP-99503,Sr2ZnP2,-2.473921151322937,[-2.473921151322937]
JVASP-15791,SrZn2Ge2,-2.8893581344314576,[-4.206654043359375, -2.8893581344314576]
JVASP-18627,BaZnBi2,-2.9237231327720643,[-4.169829399747467, -2.9237231327720643]
JVASP-101409,Na3Zn,-4.049562902612305,[-4.049562902612305]
JVASP-1636,LiZnAs,-1.9844091846176148,[-1.9844091846176148]
JVASP-101224,CaZnAg,-3.6363265229888917,[-3.700233907861328, -3.6363265229888917]
JVASP-101706,Li2MgZn,-2.7909443093963624,[-2.7909443093963624]
JVASP-101005,NaZn3,-3.949886293572998,[-3.949886293572998, -4.118526430291748, -3.983875246209717, -4.2847165776916505, -4.030243368310547, -4.339299650354004]
JVASP-101114,Sr2Zn5Si3,-1.9331943704315186,[-4.095207305116272, -4.164169163865662, -2.5132415010162354, -1.9331943704315186, -3.2351863099761964]
JVASP-102291,Sr2TlZn,-3.4925458146759034,[-3.4925458146759034]
JVASP-100564,BaSrZnWO6,-2.342167825860596,[-2.342167825860596]
JVASP-101115,Sr5ZnCd4,-3.405297489328003,[-3.405297489328003]
JVASP-106233,CaYZn2,-2.2374106361099244,[-2.9521842910476686, -2.2374106361099244]
JVASP-21539,SrZnF4,4.0764212892822265,[4.0764212892822265, 3.7137127207092284]
JVASP-3003,CaZn2P2,-2.0078420354553224,[-2.470381112260437, -2.0078420354553224]
JVASP-100710,Ca2ZnIn,-3.3470390750595094,[-3.3470390750595094]
JVASP-101389,Ba2ZnHg,-3.3311178399749757,[-3.3311178399749757]
JVASP-18630,BaZn2,-3.2473916722961427,[-3.8777529908843995, -3.579402656716919, -3.2473916722961427, -3.496883363885498]
JVASP-3009,CaZn2As2,-2.2717132283874513,[-3.1552563025184632, -2.2717132283874513]
JVASP-103083,KBaLiZnF6,3.4458174989990233,[3.4458174989990233]
JVASP-49772,LiZnO2,0.7452349947265624,[0.7452349947265624]
JVASP-102552,SrZnO3,1.4420635984710692,[1.4420635984710692]
JVASP-102854,CaZn,-3.7967025949188233,[-3.7967025949188233]
JVASP-106548,LiAlZn2,-2.935552091760254,[-3.704052896661377, -2.935552091760254]
JVASP-2946,Sr2ZnN2,-0.7747113420196534,[-0.7747113420196534]
JVASP-3021,K2ZnF4,4.563155441122436,[4.563155441122436]
JVASP-16163,SrZnSi,-2.509253115815735,[-2.509253115815735, -2.695877165956116]
JVASP-2565,KZnP,-1.7956927730270387,[-1.7956927730270387, -1.8985101892181397]
JVASP-102460,Ca2TlZn,-3.302636118096924,[-3.302636118096924]
JVASP-2949,Ba2ZnN2,-1.5811974717803956,[-1.5811974717803956]
JVASP-106671,Ba2PuZnO6,-2.1798443509765626,[-2.1798443509765626]
JVASP-2478,KZnF3,4.436498074369812,[4.436498074369812]
JVASP-102465,CaCeZn2,-2.3455495549865724,[-2.3455495549865724, -3.051449628038025]
JVASP-102432,K2ZnS2,1.0635216520599364,[-1.832442493600464, 1.0635216520599364]
JVASP-104584,K3Zn,-4.295721025628662,[-4.295721025628662]
JVASP-15805,BaZn2P2,-0.982725114984131,[-3.44099328057251, -0.982725114984131]
JVASP-105217,Na3Zn,-4.064198227090454,[-4.064198227090454]
JVASP-105438,Na2Zn3GeAs4,-1.8081063939758302,[-3.532954425973511, -1.9929938031860353, -1.8081063939758302]
JVASP-18568,CaAl2Zn2,-2.989669532937622,[-3.705699772996521, -2.989669532937622]
JVASP-15806,CaZn2Sb2,-2.8844135715194703,[-3.532044143838501, -2.8844135715194703]
JVASP-102672,SrZnIn3,-4.023665399713135,[-4.023665399713135]
JVASP-107461,LiZnCd2,-3.7129578305908204,[-3.7129578305908204]
JVASP-104971,BeZn3O4,3.840969829397583,[1.8711695955566405, 1.5080333040527343, 3.840969829397583]
JVASP-15807,SrZn2Sb2,-3.0923332883544923,[-3.1459634615608216, -3.0923332883544923]
JVASP-2385,NaZnP,-0.9894034578033448,[-3.2537088109680177, -0.9894034578033448]
JVASP-107577,Ca2Zn3Ga,-2.9641012860961915,[-3.6574600650497437, -3.1704369498916627, -2.9641012860961915]
JVASP-104927,Sr2ZnAs2,-2.949135036630249,[-2.949135036630249]
JVASP-102734,KLiZn3O4,1.6067385958007812,[0.8122477815917968, 1.051447419958496, 1.6067385958007812]
JVASP-104559,Ba2ZnIn,-3.360444040460205,[-3.360444040460205]
JVASP-105546,BeZnS2,-0.9476587487884522,[-0.9476587487884522]
JVASP-102739,K2Zn3GeAs4,-1.988577337426758,[-3.6693267537780763, -2.67722317711792, -1.988577337426758]
JVASP-105255,Sr2ZnHg,-3.16049429909668,[-3.16049429909668]
JVASP-107529,Rb2Zn3GeAs4,-2.0553456260391236,[-4.114878268403626, -2.708405823869324, -2.0553456260391236]
JVASP-18646,CaZn,-3.1992315961547853,[-3.3967518521972657, -3.1992315961547853]
JVASP-107265,ZnGeP2,-1.911551208657837,[-1.911551208657837]
JVASP-107165,CaTmZn2,-2.5722129060455323,[-2.5722129060455323, -3.0877179815002442]
JVASP-52914,Rb2ZnH4,0.21469834311523428,[-0.057371111077880954, -0.546746463937378, -0.28131076828918467, 0.21469834311523428]
JVASP-106541,K3Zn,-4.148076028985596,[-4.148076028985596]
JVASP-104995,ZnBi3,-4.504256816072083,[-4.504256816072083]
JVASP-3075,LiZnSb,-2.166209788484192,[-3.670054168862915, -2.166209788484192]
JVASP-1687,LiZnP,-1.3852481557556153,[-1.3852481557556153]
JVASP-51747,K3ZnH5,-0.12352725998840342,[-0.49823042885742197, -0.12352725998840342]
JVASP-7640,KZnSb,-2.596429677171326,[-2.596429677171326]
JVASP-58223,BaMn4ZnO8,-1.1897721006103517,[-1.1897721006103517]
JVASP-2871,Ca2ZnN2,-0.7228314592071534,[-0.7228314592071534]
JVASP-15344,NaZnSb,-1.7188483192153932,[-3.7689054919906617, -1.7188483192153932]
JVASP-8137,Ba2ZnF6,4.417159347372436,[4.417159347372436]
JVASP-18816,BaZnSi,-2.7805393649765016,[-2.7805393649765016, -2.930984587831116]
JVASP-8141,SrZn2As2,-2.468843312425232,[-2.6852647973724366, -2.468843312425232]
JVASP-18818,CaZnSn,-3.1183328344055177,[-3.536133260888672, -3.1183328344055177]
JVASP-19072,NaZnF3,6.854399828749084,[3.9427936361602782, 3.9276111410430907, 2.1011423157028197, 6.854399828749084]
JVASP-7812,KZnAs,-2.2168688489624024,[-2.2168688489624024]
JVASP-44654,LiZnFe10O16,-3.076151342553711,[-3.076151342553711]
JVASP-27530,Na6ZnS4,-0.04013690487823496,[-0.3058618022628785, -0.04013690487823496]
JVASP-8368,Sr2ZnCu2S2O2,-1.102499933404541,[-1.102499933404541]
JVASP-12468,Li2ZnCl4,1.617704777555847,[1.617704777555847, 0.37936201556243887]
JVASP-13427,Sr4Zn3F14,5.803295163946533,[5.803295163946533, 3.1979875849060058, 3.782214193182373]
JVASP-7792,ZnAgF3,3.5730890320114135,[3.5730890320114135]
JVASP-8120,CaZnSO,0.603998689489746,[0.603998689489746, -0.8783983899780274]
JVASP-51269,ZnBSe2,-3.7197699262329103,[-3.7197699262329103]
JVASP-56314,LiZnGe,-2.8552320911117555,[-3.401782365007019, -3.1804440929122926, -2.8552320911117555]
JVASP-45318,Na6ZnS4,-0.03989157216033945,[-0.27805313603363047, -0.03989157216033945]
JVASP-13113,Tl2ZnI4,-1.173702807588196,[-2.5622213794418336, -1.173702807588196]
JVASP-7799,Ba2Zn3As2O2,-0.9483709050842286,[-1.4449057294555665, -3.317732782525635, -0.9483709050842286]
JVASP-52878,CaZnSiH2O5,2.1513486192993163,[0.983541040258789, 2.1513486192993163]
JVASP-8739,BaZnSn,-3.1778166605659486,[-3.1778166605659486, -3.1812855316825868]
JVASP-9729,SrZnO2,0.9067840860656737,[0.25778582556762686, 0.9067840860656737, -0.7473795129486085, 0.43891838057556143]
JVASP-10229,Na2ZnS2,0.542708782987976,[-1.9346226169296266, 0.542708782987976]
JVASP-21417,Sr3ZnIrO6,-2.6300258351989747,[-2.6300258351989747, -2.7265786840148927]
JVASP-8715,Ca3Zn,-2.8065294934936524,[-3.6991989328094483, -2.8065294934936524]
JVASP-58914,Sr4Zn3F14,5.803063421087646,[5.803063421087646, 3.198267965155029, 3.7820797251037597]
JVASP-58919,Na2ZnBr4,2.0970461056999206,[-0.02790138260803232, 0.6326433704666137, 2.0970461056999206, 0.7296907590202331]
JVASP-34312,Sr2UZnO6,0.9686517999938964,[-1.8212575627990724, 0.9686517999938964]
JVASP-77513,Be2ZnPt,-2.959909887475586,[-2.959909887475586]
JVASP-34217,Sr2ZnReO6,-2.3486137105651856,[-2.3486137105651856]
JVASP-78307,CaZn,-3.5683984471984864,[-3.5683984471984864]
JVASP-51412,CaZn2P2O2,-2.8596672727294923,[-3.1226501180358888, -2.8596672727294923]
JVASP-78315,CaZn,-3.1213867379852296,[-3.1213867379852296]
JVASP-76677,Mg3Zn,-3.8789360238739015,[-3.8789360238739015]
JVASP-77182,Ca2ZnPb,-3.8490905477233888,[-3.8490905477233888]
JVASP-85096,CaYZn2,-3.962516398591614,[-4.225442857904053, -3.962516398591614]
JVASP-78799,CaZn,-2.935437174005127,[-3.3851518346496583, -2.935437174005127]
JVASP-79184,Mg3Zn,-3.6153833581634522,[-3.6153833581634522]
JVASP-58154,BaZnSb4O8,-1.09828350083313,[-1.09828350083313]
JVASP-34230,Ba2ZnReO6,-3.6677283956237794,[-3.6677283956237794]
JVASP-78976,ZnAs3,-3.8678278638549806,[-3.8678278638549806]
JVASP-79480,Ca3Zn,-3.0838434411712647,[-3.0838434411712647]
JVASP-79482,CaZn,-3.7779037667938233,[-3.7779037667938233, -4.201397628945923]
JVASP-34236,BeZnO2,2.750438718634033,[0.36039832098999014, 2.750438718634033]
JVASP-9788,Na2ZnSiO4,1.2961037443450927,[1.2961037443450927, -0.8255769921966554]
JVASP-79432,Li3Zn,-3.3166172219940186,[-3.3166172219940186]
JVASP-79111,Zn3C,0.37686112387695303,[-4.048356981439209, -1.3609580709167481, 0.37686112387695303]
JVASP-9789,Na2ZnGeO4,1.0616774843505858,[-0.6966223432250978, 1.0616774843505858]
JVASP-80069,LiZn2Pd,-2.175869555635071,[-2.9909736825653077, -2.175869555635071]
JVASP-79533,ZnSiP2,-4.1113555146881104,[-4.1113555146881104]
JVASP-80504,Mg3Zn,-3.5182399465270997,[-3.5182399465270997]
JVASP-80514,CaZn,-3.7845496846862794,[-3.7845496846862794, -4.216444463891602]
JVASP-80964,Ca2ZnSn,-3.889274389905548,[-3.889274389905548]
JVASP-34459,Ba2Zn2ClF7,5.326742677526855,[2.1267955587677, 4.691468505697632, 2.7178674028686522, 5.326742677526855]
JVASP-81890,Be2ZnPt,-2.9526691152282716,[-2.9526691152282716]
JVASP-57547,LiZnPO4,2.8009467409423827,[0.587178735571289, 2.8009467409423827, 0.6962895677856444, 2.0861916826538085]
JVASP-80533,CaZn3,-3.4762243940063478,[-3.8804220868774415, -3.4762243940063478, -3.5512294484802247]
JVASP-80564,LiMgZn2,-4.158524961633301,[-4.158524961633301, -4.268806429071045]
JVASP-56787,Li2ZnGe,-3.5208713723846436,[-3.5208713723846436]
JVASP-49186,BaZnP2O7,2.977380781011963,[2.977380781011963, 1.1414070413879394]
JVASP-80742,Mg3Zn,-3.8789360238739015,[-3.8789360238739015]
JVASP-80622,Ca2ZnGe,-4.619116397065735,[-4.619116397065735]
JVASP-80994,Sr2ZnGe,-5.475045175714111,[-5.475045175714111]
JVASP-81740,Ba2ZnAg,-4.813769073648071,[-4.813769073648071]
JVASP-82091,CaYZn2,-3.962516398591614,[-4.225442857904053, -3.962516398591614]
JVASP-82096,LiZnCd2,-4.1618387414642335,[-4.1618387414642335]
JVASP-80690,Ca2ZnGa,-3.5036976052948,[-3.5036976052948]
JVASP-81355,Sr2ZnCd,-3.9831654740997315,[-3.9831654740997315]
JVASP-9795,BaNd2ZnO5,1.9059458063415526,[-2.538600893182373, 1.9059458063415526]
JVASP-36628,ZnIrO3,-3.338149757546997,[-3.338149757546997]
JVASP-36595,ZnOsO3,-4.46268460289917,[-4.46268460289917]
JVASP-81066,Ca2ZnAg,-4.566676111383057,[-4.566676111383057]
JVASP-57554,Na2AlZnF7,6.1296439455322265,[6.1296439455322265, 2.018695382910156]
JVASP-36632,ZnGeO3,-0.31083199517211924,[-0.31083199517211924]
JVASP-36633,VZnO3,-2.1802859021850587,[-2.1802859021850587]
JVASP-49197,Li6ZnO4,1.26977971060791,[-0.8264455510803224, 1.26977971060791]
JVASP-49205,ZnP4,-2.588365049523926,[-2.588365049523926, -2.6826142980285645, -2.8900072290130616, -2.860880108041382]
JVASP-35738,CaZnSe2,-1.233793468637085,[-1.233793468637085]
JVASP-81285,LiZn2Cu,-1.5735189630218507,[-4.483288498086548, -1.5735189630218507]
JVASP-57845,Na2ZnSi2O6,1.1403975771240233,[1.1403975771240233, -0.15873095528564463]
JVASP-11440,BaPr2ZnS5,-1.8698177053161622,[-3.884261102838135, -1.8698177053161622]
JVASP-11441,BaNd2ZnS5,-2.0105871869750978,[-4.089150400323486, -2.0105871869750978]
JVASP-57781,CaZnF4,3.3899586485198974,[3.3899586485198974, 1.625661640005493]
JVASP-10991,K2ZnTe2,-0.5074228955932618,[-3.0163712217041017, -0.5074228955932618]
JVASP-9362,BaV4ZnO8,-5.039580316705322,[-5.039580316705322]
JVASP-9363,BaZnFe4O8,-0.593724699182129,[-0.593724699182129]
JVASP-36415,Be2Zn,-3.8203217698760987,[-3.8203217698760987]
JVASP-9367,BaZnCr4O8,-2.965422125024414,[-2.965422125024414]
JVASP-9368,BaZnNi4O8,0.6965191648773192,[0.6965191648773192]
JVASP-22668,K4ZnAs2,-2.2997693731018067,[-2.2997693731018067]
JVASP-56446,BaZn2As2,-1.8484332277008058,[-3.668781192464447, -1.8484332277008058]
JVASP-35268,Na2Zn3S4,0.11969390376129141,[-2.033544869584656, 0.11969390376129141, -1.1369592858978272, -1.1060599996276856, -0.9592745019622804, -0.22283360497436533]
JVASP-36621,ZrZnO3,-2.5859622670837403,[-2.5859622670837403]
JVASP-35802,Ba2Zn,-3.196417660874939,[-3.196417660874939]
JVASP-56213,SrZn2,-3.203306169671631,[-3.707414598626709, -3.519905061883545, -3.203306169671631, -3.6506156636901856]
JVASP-36625,ZnSnO3,-1.964196415109253,[-1.964196415109253]
JVASP-41775,LiZnAu2,-2.4412818862625123,[-2.4412818862625123]
JVASP-21959,BaZn2Sn2,-3.0805792524047853,[-3.991173715753174, -3.810474844140625, -3.3127712918945313, -3.0805792524047853]
JVASP-55014,Li2ZnSi,-2.4027381850906373,[-2.4494456960388185, -2.439136953515625, -2.509710641069031, -2.4027381850906373]
JVASP-35130,Ca3ZnGe5O14,1.8616247461608886,[1.8616247461608886]
JVASP-42111,CaPmZn2,-2.8218296481796266,[-2.9373248531051637, -2.8218296481796266]
JVASP-23090,Sr3ZnRhO6,-2.286144704980469,[-2.3748283101745606, -2.286144704980469]
JVASP-35090,SrZnSn,-3.0979885770507813,[-3.0979885770507813, -3.43395826355896]
JVASP-40993,Sr2MnZn2As2O2,-1.8017649366088868,[-3.5702042295166017, -1.8017649366088868]
JVASP-35091,SrZnPb,-3.516223640603638,[-3.516223640603638, -3.6947977258392335]
JVASP-22868,RbBe3ZnF9,5.183499603109741,[-1.7453863336273194, 5.183499603109741]
JVASP-35462,Rb2ZnF4,4.381380348043823,[4.381380348043823]
JVASP-41206,CaAcZn2,-2.7884964658447267,[-2.7884964658447267, -3.425188036126709]
JVASP-42029,PrMgZn2,-2.7034878446289063,[-2.7034878446289063, -3.0272180749603272]
JVASP-58327,K2ZnC4N4,-3.7237400724121095,[-4.286390752954102, -3.7237400724121095]
JVASP-58135,BaTi4ZnO8,-5.778003664178467,[-5.778003664178467]
JVASP-56267,Ca3Zn2Cu2P4,-1.1450681401916505,[-2.5163988782592774, -1.1450681401916505]
JVASP-40873,CaLaZn2,-2.317765088243103,[-2.317765088243103, -3.07733521000824]
JVASP-20247,LiZn,-3.13852688805542,[-3.13852688805542, -3.246706695718384]
JVASP-58143,BaZnAg4O8,1.279160289602661,[1.279160289602661]
JVASP-26354,BaZnSO,0.01485231383361807,[-0.9041464044281007, 0.01485231383361807]
JVASP-41175,NdMgZn2,-2.7546164704986573,[-2.7546164704986573, -3.0575954629608155]
JVASP-41946,LaMgZn2,-2.298374266786194,[-2.6057980968185426, -2.298374266786194]
JVASP-58151,BaZnCu4O8,1.187011270361328,[1.187011270361328]
JVASP-39930,CaPrZn2,-2.7404479695983888,[-2.7404479695983888, -2.9603705121704103]
JVASP-40569,Ca2ZnRh,-3.635842890901184,[-3.635842890901184]
JVASP-40929,KZn4Sb3O12,2.3265133188537597,[1.2815208719543456, 2.3265133188537597, 0.7703590677551269, 0.5303564356140136]
JVASP-40350,LiZn2Pt,-1.1915204240509034,[-2.8789498521514894, -1.1915204240509034]
JVASP-39540,ZnGaO3,-0.5429906560607911,[-0.5429906560607911]
JVASP-40352,LiZn2Ir,-0.5010916902252198,[-2.0460548116394044, -0.5010916902252198]
JVASP-39831,LiZn3,-3.5511634065338136,[-3.709156723184204, -3.5511634065338136, -3.837149353189087]
JVASP-39799,Li2ZnAu,-4.041214199227905,[-4.041214199227905]
JVASP-39836,LiZn2Rh,-1.203628869218445,[-2.0250247432418824, -1.203628869218445]
JVASP-39963,CaSmZn2,-2.697918625039673,[-2.961416454476929, -2.697918625039673]
JVASP-13814,BaZnBi2,-2.923677058381653,[-4.169815631074524, -2.923677058381653]
JVASP-40242,RbZnH2Se2ClO6,-0.6651470376678468,[-0.8547136499114991, -0.6651470376678468]
JVASP-56286,LiZnP,-2.899425120515442,[-2.899425120515442]
JVASP-39579,Zn3C,-0.5028745843597413,[-3.777975530786133, -2.2404572679229737, -0.5028745843597413]
JVASP-38275,RbZn4P3,-0.3030487014480592,[-3.472836108369446, -1.6901104165740968, -1.815371484918213, -0.3030487014480592]
JVASP-38277,RbZn4As3,-1.417751879853821,[-3.584360809487915, -2.31540152565918, -2.170094819230652, -1.417751879853821]
JVASP-15915,Mg3ZnC,-3.731518180532074,[-3.731518180532074]
JVASP-26654,K2ZnSi2O6,2.4227867410949706,[2.4227867410949706, -0.22810170189819345]
JVASP-16570,Li2ZnSn,-3.580203027886963,[-3.580203027886963]
JVASP-36583,HfZnO3,-2.549833746118164,[-2.549833746118164]
JVASP-16744,CaZn2Si2,-2.01708552376709,[-4.224375696343994, -2.01708552376709]
JVASP-37911,Ba2TlZn,-3.0610866262145997,[-3.0610866262145997]
JVASP-38190,Rb3Zn,-4.434659691018677,[-4.434659691018677]
JVASP-40092,CaNdZn2,-2.811648817224121,[-2.811648817224121, -2.861335725946045]
JVASP-21774,SrZnSb2,-1.4978881789871217,[-4.407255740327454, -4.341953845185852, -1.4978881789871217, -2.353681655091858]
JVASP-2751,SrZn2P2,-1.8949367715545655,[-2.396144361657715, -1.8949367715545655]
JVASP-10102,Ba3Nb2ZnO9,-0.29354760186157236,[-0.29354760186157236]
JVASP-53253,Mn3ZnC,-2.8106636716552735,[-2.8106636716552735]
JVASP-77196,Ba2ZnAg,-5.438208789987183,[-5.438208789987183]
JVASP-11680,Sr2ZnMoO6,-2.4269098951049806,[-2.4269098951049806]
JVASP-38580,Li3Zn,-2.7200106097885133,[-2.7200106097885133]
JVASP-35214,Na2ZnSe2,-0.1941444589324952,[-2.285227031869507, -0.1941444589324952]
JVASP-38755,ThMgZn2,-1.8273749067016603,[-2.7058270885177613, -1.8273749067016603]
JVASP-35260,Na6ZnSe4,-0.8561004115768434,[-1.4783492995925904, -0.8561004115768434]
JVASP-37333,SrAcZn2,-2.662597508592224,[-2.662597508592224, -3.6640020324417115]
JVASP-35261,Na2Zn2Se3,-0.43780741230926523,[-2.9310162975021363, -2.212322325868225, -0.7968711568542481, -1.734619589013672, -0.43780741230926523, -1.2171870185562135, -1.2653129412361146, -0.5435468270011903]
JVASP-35262,Na2Zn3Se4,-0.9886334253974915,[-2.5634704543777467, -1.231354446572876, -2.1756490780540467, -1.4885412766166688, -1.392191918058014, -0.9886334253974915]
JVASP-35263,Na2Zn2Se3,-0.005517096681213474,[-2.7279641939826966, -2.1896118237205506, -1.1295467330642701, -1.7160688354202271, -0.9962532235809327, -1.2480106069274903, -1.0041790916152955, -0.005517096681213474]
JVASP-35264,Na2ZnSe2,-0.5530299855895997,[-2.48233267800293, -0.5530299855895997, -1.3510657264419557, -0.8483451320358277]
JVASP-37932,Ba2ZnCd,-2.904741258782959,[-2.904741258782959]
JVASP-35267,Na2ZnS2,0.49226763709106436,[-1.864441366357422, 0.49226763709106436, -0.4442653371520997, 0.49128725989379873]
JVASP-37873,BeZnO3,-0.6255640699096681,[-0.6255640699096681]
JVASP-45756,Na3ZnPCO7,2.1808920191101073,[0.6247329996398925, 2.1808920191101073]
JVASP-36988,TlZnF3,3.146394996481323,[3.146394996481323]
JVASP-46759,Li3ZnPCO7,1.4086318300537108,[-0.2852711393066407, 1.4086318300537108]
JVASP-34410,Na2Zn2O3,2.6105709360412597,[-0.8196057988830567, 1.921318082647705, 0.6461205766967772, 0.8909516619018554, 0.1015274809173583, 0.43472316725769033, 1.2951474474243163, 2.6105709360412597]
JVASP-12540,K2ZnBr4,0.00028529627838125293,[0.00028529627838125293, -0.009806604547119235]
JVASP-44649,LiZnFe4O8,-1.7196082784362794,[-1.7196082784362794]
JVASP-77362,BaSrZn2,-3.352591486138916,[-3.352591486138916, -3.5686504556365968]
JVASP-9294,BaZnBi4O8,0.8547191904357909,[0.8547191904357909]
JVASP-55675,BaZnCl4,2.226024179296875,[0.7707784460357665, 2.226024179296875, -0.5144030763336183, -0.1808685971923829]
JVASP-8203,Sr2ZnCu2S2O2,-1.129850359124756,[-1.129850359124756]
JVASP-12478,SrZnCl4,0.914179353552246,[0.914179353552246, 0.6076236055664062]
JVASP-9587,BaZnO2,1.1708634184173583,[-0.3760111047454835, 0.5963681028656005, 1.1708634184173583]
JVASP-65027,BeZnSb4,-3.7180571271606446,[-3.7180571271606446]
JVASP-9382,K3Zn2F7,4.63513091071167,[4.63513091071167, 4.225702314215088]
JVASP-12535,K2ZnBr4,-0.09234485165557871,[-0.09234485165557871, -0.18706676499328623]
JVASP-76948,LiZn2Cu,-1.5709931565948487,[-4.483683796090698, -1.5709931565948487]
JVASP-54929,Ca2Zn2CuP3,-1.2328351451583863,[-2.6981479837127686, -2.6772930337615968, -1.2328351451583863, -1.5670777274795533]
JVASP-27488,Sr3ZnPtO6,-1.8770980550476075,[-2.3002929403015138, -1.8770980550476075]
JVASP-34694,Li3Zn2SbO6,0.7929263399414062,[-0.2892851545043946, 0.7929263399414062]
JVASP-9444,BaZnF4,3.9279718683532714,[3.835666684942627, 3.9279718683532714]
JVASP-10775,BaZnCO3F2,1.5261726663879394,[0.8649292276672362, 1.5261726663879394]
JVASP-41089,LiMg2Zn,-2.884932727975464,[-2.884932727975464]
JVASP-37798,LiPmZn2,-2.852598996324158,[-2.9259293986984254, -2.852598996324158]
JVASP-44558,K3ZnPCO7,0.9435758875183105,[-0.23298642174682627, 0.9435758875183105]
JVASP-27483,CaZnSi2O6,2.1863999651245116,[2.1863999651245116, -0.14080283181152353]
JVASP-9296,BaZnSn4O8,-1.1597549630828858,[-1.1597549630828858]
JVASP-10213,Li2ZnGeO4,0.16124036772766104,[-0.32897874848327646, 0.16124036772766104]
JVASP-12905,K2Zn3O4,4.505855946379089,[0.0017798231414793975, 1.2486923025421142, 1.2102047489456176, 0.46018686755218496, 1.3660909221939086, 4.505855946379089]
JVASP-9860,ZnMo2O5,-4.546944589776611,[-4.914047212762451, -4.546944589776611]
JVASP-10205,Na2Zn2O3,1.6020169542602538,[0.6843905733398437, -0.13034150139770517, 0.9535484598449706, 1.6020169542602538]
JVASP-20517,LiZn,-3.13852688805542,[-3.13852688805542, -3.246706695718384]
JVASP-19953,CaZn5,-2.6606607152648927,[-4.068003626031494, -3.5533413602539063, -2.6606607152648927, -3.837686510247803, -4.418386907739258]
JVASP-21995,BaZn2Sb2,-2.091599078340149,[-4.302973957223511, -3.7338926507659913, -3.8947167708106996, -3.307527930898285, -2.279046507043457, -2.5361609174438478, -2.091599078340149, -2.1296599818893434]
JVASP-65106,BeZnSi4,-4.210570068521118,[-4.210570068521118]
JVASP-91850,SrZnBi2,-2.6203730417915345,[-4.181056292218781, -2.6203730417915345]
JVASP-65029,BeZnW4,-2.4984941198059083,[-2.4984941198059083]
JVASP-19947,CaZn2,-3.068305702371216,[-3.6290843202301026, -3.4514558030792237, -3.068305702371216, -3.5291130258270265]
JVASP-22127,NaZr2ZnF11,4.406331090765381,[4.406331090765381]
JVASP-22879,Li2ZnSiO4,1.7665643976501464,[1.7665643976501464, 0.4294958399108886, -0.2141327573486329, -0.26916262642822275]
JVASP-109025,BaZnO3,1.492722301321411,[1.492722301321411]
JVASP-109026,Ca2ZnGa,-2.9582884027191163,[-2.9582884027191163]
JVASP-109931,CaHoZn2,-2.688605160874939,[-2.688605160874939, -2.9774130298324586]
JVASP-108570,LiZnSb,-2.369523198766327,[-2.369523198766327]
JVASP-26772,Rb2ZnO2,2.6852759407333373,[-1.037724704904175, -0.5060684396453858, 2.6852759407333373, -0.02825960652313242, 1.0754189775756835, 1.7333898828796386, 1.5392240570358275, 2.2778855846694945]
JVASP-108644,LiPrZn2,-2.6780056668945313,[-2.6780056668945313, -2.8683074428268434]
JVASP-20805,Ca5Zn3,-2.1677154018112184,[-3.5563912107177735, -3.6749140931793214, -3.297297091645813, -3.5191956474014283, -2.692722649736023, -2.1677154018112184]
JVASP-110274,Ca4ZnAg3,-3.577856631440735,[-3.577856631440735]
JVASP-17385,CaZnSi,-2.3910647346206666,[-2.3910647346206666, -2.9037943793960572]
JVASP-110237,K2Zn3SiAs4,-2.5468744947143556,[-4.172450394792175, -2.7919383956619264, -2.5468744947143556]
JVASP-17274,CaZn2Ge2,-2.6167438341804505,[-4.307907910508728, -2.6167438341804505]
JVASP-20124,MgZn2,-3.0516028119750978,[-3.860816450280762, -3.777186842126465, -3.669220657510376, -3.6187689019866944, -3.0516028119750978, -3.431544752282715, -3.8606652929016114, -3.8133115483947755]
JVASP-110202,NaLiZnS2,-0.3838405324645997,[-0.3838405324645997]
JVASP-109626,Ba2ZnOsO6,-2.3284811689086915,[-2.3284811689086915]
JVASP-109415,BaZnIn3,-3.9147326661773683,[-3.9147326661773683]
JVASP-110217,Li4ZnCd3,-3.669260711831665,[-3.669260711831665]
JVASP-110109,Li2ZnPb,-3.1361933662124635,[-3.1361933662124635]
JVASP-110010,Na3Zn,-3.928906412286377,[-3.928906412286377, -4.1986922933288575]
JVASP-109597,Sr3Zn,-3.482541771096802,[-3.482541771096802]
JVASP-55270,Ca2ZnGe2O7,1.9158196733764647,[1.3198552416137694, 1.9158196733764647]
JVASP-109344,MgZn2Sb2,-2.5571976615615846,[-3.811043591661072, -2.5571976615615846]
JVASP-109800,K2ZnSe2,0.1565046594909667,[-2.4543122960754395, 0.1565046594909667]
JVASP-21444,Be3Zn4Si3SO12,5.647016553717041,[-2.1052045537658692, 5.647016553717041, 1.7943730638793944, -0.16215178505859384, -0.6274294568725587, 0.4076037691406249, 1.142645864324951, 3.2284670160583495]
JVASP-109929,Ca2ZnSn,-3.889168770475006,[-3.889168770475006]
JVASP-27337,Rb3ZnBr5,1.2762748883537292,[-0.50948396460495, 1.2762748883537292, 0.6946330951026916, -0.044037373227691745]
JVASP-108756,Li2ZnCu3,-3.4424887611099244,[-3.4424887611099244]
JVASP-108890,Sr2ZnPt,-3.6651162816711427,[-3.6651162816711427]
JVASP-16664,BaZnGe,-3.1001539541908265,[-3.1001539541908265, -3.1295975758262635]
JVASP-20349,NaZn13,-2.892376394433594,[-4.0136244012542726, -4.286712856454468, -4.054955692453003, -4.0593301965423585, -3.8123354627319337, -3.651478262109375, -4.245397539300537, -3.860966653985596, -3.7148906900115968, -3.891926498574829, -3.7274989797302247, -3.9679422094055177, -2.892376394433594, -3.2346133901306153, -3.7508089257904054, -4.006291599435425, -4.0556187345214845, -4.053824396295166, -4.033469171685791, -4.903489561242676, -4.670566530389404, -4.866553754968262, -4.693328352136231, -3.9291658117004395, -4.817828388375855, -5.102744789285278]
JVASP-40423,K2ZnH4I4O14,-0.23176476494750986,[-0.23176476494750986]
JVASP-16755,Li2ZnGe,-3.0207400037475587,[-3.0207400037475587]
JVASP-55412,Ca3MnZnO6,-1.2485832883544923,[-3.5288405133911134, -1.2485832883544923]
JVASP-44534,Li3ZnPCO7,2.1054463671020507,[-0.009284467858886813, 2.1054463671020507]
JVASP-51609,Na2V2ZnO7,-1.172892065209961,[-2.6359152509399415, -1.172892065209961]
JVASP-54605,Ba2ZnAg2Se2O2,0.8632049845031737,[-0.19954201714477549, 0.8632049845031737]
JVASP-40245,RbZnH2Se2BrO6,-0.8089170171447755,[-1.1081332875915528, -0.8089170171447755]
JVASP-17384,CaZnGe,-2.8792220665641786,[-2.8792220665641786, -3.340097935361481]
JVASP-38424,LiZn3,-3.2116906358428956,[-4.03748461739502, -3.7120327665039063, -4.0450954152771, -3.811556787652588, -3.2116906358428956, -3.6308880759902955]
JVASP-40354,LiZn2Au,-3.4393446160980226,[-3.6701259328552247, -3.4393446160980226]
JVASP-54925,ZnI2,-4.791647882623291,[-4.964302034539795, -4.791647882623291]
JVASP-20860,Li10Zn4O9,3.3727512644104003,[-2.0751239968963624, -0.8396365358062745, 1.5134616182617187, 0.9118719385437011, 3.3727512644104003, 2.814055948095703, 2.9588468359283446, 3.025059490042114]
JVASP-20296,BaZn5,-3.002984018487549,[-3.888691396875, -3.740519018334961, -3.9086441709228517, -4.032106847924805, -3.3344063474365235, -3.002984018487549, -3.4793338491149903, -3.924307317895508, -3.6302370740600587, -4.206698866052246]
JVASP-54491,Rb2ZnCl4,1.085818438368225,[1.085818438368225, 0.834966330366516, 0.44162323935546866, 0.1640875623992919]
JVASP-54498,Na2ZnCl4,2.489109306173706,[1.2063291357330321, 1.0637111948303222, 2.489109306173706, 1.3460398004821776]
JVASP-110863,Sr2ZnGa,-3.061363310975647,[-3.061363310975647]
JVASP-110760,CaZnO3,1.2619900987915038,[1.2619900987915038]
JVASP-110403,Ca2ZnCd,-3.4115524007507325,[-3.4115524007507325]
JVASP-110609,Ca2Zn3Ag,-3.0354141904541017,[-3.63748929039917, -3.518822641534424, -3.0354141904541017]
JVASP-115816,CaZnO,-5.489371152085877,[-5.489371152085877]
JVASP-112436,LiV3Zn2O8,-1.111781568688965,[-2.0695557309814454, -1.111781568688965]
JVASP-114320,KZn,-4.623770446939087,[-4.623770446939087]
JVASP-114321,KZn,-4.786771507424927,[-4.786771507424927]
JVASP-114322,KZn,-4.422977895898438,[-4.422977895898438]
JVASP-116025,ZnMoF,-2.9089371873565675,[-2.9089371873565675]
JVASP-116026,ZnMoF3,0.46681669219055166,[0.46681669219055166]
JVASP-116081,TlZnF,-4.674253196878052,[-4.674253196878052]
JVASP-114385,Zn2SO2,2.3378709839157104,[1.3874702738098144, 2.3378709839157104]
JVASP-111627,CaZnSiO5,0.9328084276489257,[-0.44036528603515634, 0.9328084276489257]
JVASP-114417,ZnPS,-4.826715679330444,[-4.826715679330444]
JVASP-111792,Nb6ZnS8,-4.620674581689453,[-4.620674581689453]
JVASP-111833,Ba2Tm2Zn8O13,4.234160690145874,[4.234160690145874, 0.02029993994750967, 0.02943375571289053, 1.5776777551940917, 0.20828488333740225, -0.11705777184448252, -1.274055452508545, 0.3314299867919921]
JVASP-114548,BaZnCl,-4.716452093286133,[-4.716452093286133]
JVASP-114549,BaZnCl,-4.531027109784699,[-4.531027109784699]
JVASP-114550,BaZnCl2,-4.56319353119812,[-4.56319353119812]
JVASP-114590,BaZnTe,-4.563332410020447,[-4.563332410020447]
JVASP-114591,BaZnTe,-5.0931389047332765,[-5.0931389047332765]
JVASP-114592,BaZnTe,-4.848362894219971,[-4.848362894219971]
JVASP-112658,Nb12ZnSe16,-4.736189336938477,[-4.736189336938477]
JVASP-116546,Sr3ZnCoO6,-2.0620531751342774,[-2.2176642133422853, -2.0620531751342774]
JVASP-114816,ZnCoF3,3.734169392424011,[3.734169392424011]
JVASP-114937,VZnF3,3.0527982996276855,[3.0527982996276855]
JVASP-114943,ZrZnF3,-3.3408074094482423,[-3.3408074094482423]
JVASP-114944,ZrZnF,-3.9584226323791505,[-3.9584226323791505]
JVASP-115057,ZnGeS2,-2.5191935016342164,[-2.5191935016342164]
JVASP-116715,Ba3ZnIrRuO9,-1.172655077142334,[-2.3396300985046388, -1.172655077142334]
JVASP-116766,LiV3Zn2O8,-1.0818738652893067,[-1.8506936742492677, -2.195479364556885, -1.0818738652893067, -1.5379514409729005]
JVASP-113526,BeZn2,-2.689359874887085,[-3.428952903909302, -2.689359874887085]
JVASP-110753,Ca2ZnPb,-3.846430392427063,[-3.846430392427063]
JVASP-113657,KZn,-4.257416458291626,[-4.257416458291626]
JVASP-113669,LiZnP,-3.794988126916504,[-3.794988126916504]
JVASP-113761,LiZn2Ag,-3.6364991380401612,[-3.7463414384552003, -3.6364991380401612]
JVASP-115566,BaZnCl,-4.807936878366089,[-4.807936878366089]
JVASP-115567,BaZnCl,-4.833048076791382,[-4.833048076791382]
JVASP-115579,BaZnF,-4.671385617417908,[-4.671385617417908]
JVASP-115580,BaZnF,-5.014660628003693,[-5.014660628003693]
JVASP-115581,BaZnF2,-4.2356748296447755,[-4.2356748296447755]
JVASP-115583,BaZnF2,-4.989925356072998,[-4.989925356072998]
JVASP-115584,BaZnF,-4.872763486070252,[-4.872763486070252]
JVASP-118809,NaZn,-4.346898050469971,[-4.346898050469971]
JVASP-118810,NaZn,-4.321696252984619,[-4.321696252984619]
JVASP-118812,NaZn,-4.230720968408203,[-4.230720968408203]
JVASP-118813,NaZn2,-4.169117183847046,[-4.169117183847046, -4.222053976220703]
JVASP-118280,MnZnF3,-3.808333845300293,[-3.808333845300293]
JVASP-118283,MnZnF3,2.5968332575134276,[2.5968332575134276]
JVASP-116576,KZn2P2O8,3.4853267954162597,[3.4853267954162597, 0.6283359812072753, 2.363327531652832, 1.8805165575317382]
JVASP-118349,SrZnF2,-5.387510032815552,[-5.387510032815552]
JVASP-118350,SrZnF,-5.073575468225098,[-5.073575468225098]
JVASP-118352,TiZnF3,-0.3231858922668458,[-0.3231858922668458]
JVASP-119472,BaZn2Cu2As3,-2.574264617127991,[-3.483567924661255, -3.190137119454956, -3.34837898747406, -2.574264617127991]
JVASP-118507,ZnHSe,-2.778075070542908,[-2.778075070542908]
JVASP-118607,LiZnO,-2.540855736894226,[-2.540855736894226]
JVASP-119634,YbRbZnTe3,-1.267131419343567,[-1.267131419343567, -1.7646460248657228]
JVASP-118071,Zn2H3Cl,-1.6092514707275392,[-1.9541368200012208, -1.6092514707275392]
JVASP-111870,LiV3Zn2O8,-1.0058326436706544,[-2.0949048711486817, -2.1183271123596192, -1.0058326436706544, -1.372547121209717]
JVASP-120187,ZnSnF,-4.321201772851563,[-4.321201772851563]
JVASP-120190,SrZnF,-4.6840202523895265,[-4.6840202523895265]
JVASP-120191,SrZnF2,-4.03135439888916,[-4.03135439888916]
JVASP-120192,SrZnF,-4.816959769887543,[-4.816959769887543]
JVASP-117615,BaZnO,-5.886870176953888,[-5.886870176953888]
JVASP-117637,BeZnBr,-4.540248127145386,[-4.540248127145386]
JVASP-117676,BeZnCl,-4.096812219781494,[-4.096812219781494]
JVASP-118815,NaZn2,-4.272287578744507,[-4.272287578744507, -4.359749288720703]
JVASP-120606,Sr3Ta2ZnO9,-1.3533992482849122,[-1.3533992482849122]
JVASP-120349,NaZnSe,-1.4877881719299317,[-5.368889303369141, -1.4877881719299317]
JVASP-120351,NaZnSe2,-1.631858380002594,[-1.631858380002594]
JVASP-120352,NaZnSe,-3.35529455677948,[-3.35529455677948]
JVASP-120353,NaZnSe2,-1.473901779813385,[-1.473901779813385]
JVASP-120874,BaZnSe,-4.913154156369782,[-4.913154156369782]
JVASP-118067,ZnHCl,-2.8902258588500978,[-2.8902258588500978]
JVASP-121101,RbZnH2,-3.107989998025513,[-3.107989998025513]
JVASP-121102,RbZnH,-4.360859007997131,[-4.360859007997131]
JVASP-121103,RbZnH3,-1.0644943429656983,[-1.0644943429656983]
JVASP-122140,Ba2ErZn2CuO7,0.9956338690093993,[-0.2917811586090089, 0.9956338690093993]
JVASP-122164,Sr3LaZnRuO8,-1.0900921537109376,[-1.0900921537109376]
JVASP-121880,Ba6Mn2ZnCl6F12,-3.549164028329468,[-3.549164028329468]
JVASP-128536,ZnKr,-4.854371280831909,[-4.854371280831909]
JVASP-125906,K3Zn,-4.298268051309204,[-4.298268051309204]
JVASP-128941,BaZn,-3.368418188256836,[-3.368418188256836]
JVASP-124316,ZnCl3,15.007204561071777,[15.007204561071777]
JVASP-126717,BeZn,-2.322471470994568,[-2.322471470994568]
JVASP-126719,ZnBr,-4.1248795701690675,[-4.1248795701690675]
JVASP-126721,CaZn,-3.5883779241271974,[-3.5883779241271974]
JVASP-126737,ZnH,-2.809111924333191,[-2.809111924333191]
JVASP-126738,HeZn,-4.54707762734375,[-4.54707762734375]
JVASP-126745,KZn,-4.434850187463379,[-4.434850187463379]
JVASP-126746,ZnKr,-4.840072126550293,[-4.840072126550293]
JVASP-126754,NaZn,-4.190498323602295,[-4.190498323602295]
JVASP-126761,ZnP,-3.992695899171448,[-3.992695899171448]
JVASP-126771,RbZn,-4.528380365533447,[-4.528380365533447]
JVASP-126776,ZnS,-3.926455946130371,[-3.926455946130371]
JVASP-126783,SrZn,-3.6364948465057374,[-3.6364948465057374]
JVASP-125086,Ar3Zn,-5.097727985543823,[-5.097727985543823]
JVASP-126867,RbZn,-4.512008400125122,[-4.512008400125122]
JVASP-144352,Li3V8ZnO16,-1.9585895253845216,[-1.9585895253845216]
JVASP-141362,LiZnInF6,4.976517705755615,[4.976517705755615, 3.5384836481384276, 0.9645104692749022]
JVASP-142134,K6ZnSe4,-0.8377082063385011,[-1.5748233510681153, -0.8377082063385011]
JVASP-139781,LiZnBO3,0.9000678346923827,[0.9000678346923827, 0.018194703894042874]
JVASP-142746,Li2Zn2W2O9,0.016484289007568265,[-0.5077380849548341, 0.016484289007568265, -0.6246709539123536, -0.8747319890686036]
JVASP-139787,Ba4Ta2TiZnO12,-0.8509711934753419,[-0.8509711934753419]
JVASP-99929,SrCaZn2,-2.7674061967559815,[-3.3333501531311036, -3.3816079808898927, -3.940606327218628, -2.7674061967559815]
JVASP-137612,Ba2ZnGe2O7,2.583880929785156,[0.37678959830322256, 2.583880929785156]
JVASP-132889,K2ZnSi3O8,2.268210916357422,[2.268210916357422]
JVASP-143716,KZnP3O9,4.156634836035156,[4.156634836035156, 3.237135438757324]
JVASP-138665,RbZnCl,-4.583131046456909,[-4.583131046456909]
JVASP-138666,RbZnCl,-4.93646344677887,[-4.93646344677887]
JVASP-137081,NaZnO,-3.192942114038086,[-3.192942114038086]
JVASP-137082,NaZn2O3,2.1267315433792113,[0.4591964767745971, 2.1267315433792113]
JVASP-137083,NaZnO2,1.2585847662261962,[1.2585847662261962]
JVASP-141424,NaZn2CdF7,5.554626254873657,[5.554626254873657, 3.5540876673034667, 2.6583235548309325, 1.633967189627075]
JVASP-137085,Na2ZnO2,0.38713601096191397,[0.38713601096191397]
JVASP-129911,Ca3Zn,-3.0838243676849366,[-3.0838243676849366]
JVASP-141207,K6ZnS4,-0.036494226617431735,[-0.49979969994506845, -0.036494226617431735]
JVASP-134710,ZnFeF3,2.3534250543884276,[2.3534250543884276]
JVASP-125266,ZnBr3,0.7428698824218749,[0.7428698824218749]
JVASP-142230,Sr2ZnS3,-0.7743310643859864,[-0.9879798604675294, -0.7743310643859864, -0.8795132352539063, -1.2973408414550782]
JVASP-136587,NaZnF,-4.691335232419586,[-4.691335232419586]
JVASP-136590,NaZnF4,4.523157028990173,[4.523157028990173]
JVASP-124536,ZnI3,-2.177998275918579,[-2.177998275918579]
JVASP-134133,BeZnSe,-4.1591832353302,[-4.1591832353302]
JVASP-135548,NaZnS,-3.030469508332825,[-3.030469508332825]
JVASP-139035,ZnGeSe,-4.852459640664673,[-4.852459640664673]
JVASP-135550,NaZnS2,-1.0859600021072389,[-1.0859600021072389]
JVASP-135551,NaZnS2,-0.9225493385025025,[-0.9225493385025025]
JVASP-133583,SrZnCrP2O8,1.414780168371582,[-1.94079157845459, 1.414780168371582]
JVASP-142941,BaScZn3GaO7,2.820615320043945,[2.820615320043945, 2.7084260271362304, 1.0083256052307128, -0.9008822156616212, 0.23621132834472647, 1.0214748667053222]
JVASP-136630,RbZnF,-4.439282031221008,[-4.439282031221008]
JVASP-142005,Ba3SrZn2W2O12,-2.139061899346924,[-3.4292878820129395, -2.139061899346924]
JVASP-136631,RbZnF,-4.932428927583313,[-4.932428927583313]
JVASP-141271,Na2ZnGe2S6,-1.4647226049133302,[-1.616324396295166, -1.4647226049133302]
JVASP-138004,BaZnP,-4.574797125024414,[-4.574797125024414]
JVASP-138005,BaZnP,-3.3561612083145143,[-3.3561612083145143]
JVASP-141274,Ba2ZnS3,-0.48860022561035166,[-0.8069052411743165, -0.48860022561035166, -1.0631918622680665, -1.0742878629394532]
JVASP-135055,ZnPH,-2.4299512817092896,[-2.4299512817092896]
JVASP-141720,Rb2Zn5As4,-0.840045602483368,[-3.897114844483948, -3.7849362804122926, -2.970714421434021, -1.9188534928985597, -2.6668044044204713, -2.270348282022095, -2.7621736242004395, -1.699102134866333, -2.086617024106598, -0.840045602483368]
JVASP-133990,BaZnSe2,-1.9739529802032472,[-1.9739529802032472]
JVASP-143618,Sr3Zn3TeP2O14,3.815921811895752,[3.815921811895752, 1.4948134706787108, -0.03481814400634775]
JVASP-144319,Li2ZnGeS4,-2.099770040673828,[-2.125413389367676, -2.099770040673828]
JVASP-143132,Li3Zn2Sn4,-3.3663303567596436,[-3.3663303567596436, -3.414837808770752, -3.5850397659965516, -3.4903185679145814]
JVASP-133280,KZnB3O6,2.6822276399902343,[2.4857039736083983, 2.6822276399902343]
JVASP-142364,SrPrZnRuO6,-1.2752637578674317,[-1.791567773980713, -1.2752637578674317]
JVASP-135384,LiZnS,-1.9062412692733766,[-5.202538819474793, -1.9062412692733766]
JVASP-134816,ZnNiF3,3.745614557104492,[3.745614557104492]
JVASP-144572,BaZnTe2O7,1.71775653822937,[0.049942283468627835, 1.71775653822937]
JVASP-133291,Rb2ZnBr4,0.9222947643569945,[-0.42771157757720957, 0.9222947643569945, -0.10445323721847544, -0.2446701838203431]
JVASP-135659,ZnAsH,-2.4349699927993775,[-2.4349699927993775]
JVASP-136425,ZnSeCl2,-2.834501178426361,[-2.834501178426361]
JVASP-136426,ZnSeCl,-3.297399015588379,[-3.297399015588379]
JVASP-135662,ZnAsH,-3.376759023828125,[-3.376759023828125]
JVASP-121434,K2Zn3S4,1.295094995336914,[-2.671654434365845, 1.295094995336914, -1.3933820440002442, -0.5208282186218263, -0.6009368611999513, 0.19310286505737295]
JVASP-135674,ZnAsO,-1.73277577893219,[-1.73277577893219]
JVASP-132817,Ca7Zn2N6,-0.8782653524108888,[-2.2985336496063233, -0.8782653524108888]
JVASP-138622,NaZnCl3,0.568438558416748,[0.568438558416748]
JVASP-138623,NaZnCl,-5.357304306192017,[-5.357304306192017]
JVASP-134869,ZnSF2,1.191142825918579,[1.191142825918579]
JVASP-134879,ZnSbF,-3.6784580661483766,[-3.6784580661483766]
JVASP-132991,BaZn2Si2O7,4.631808786230469,[4.631808786230469, -0.41361662880859384, 1.407247094946289, 1.3407950685791015]
JVASP-137270,Sr3Nb2ZnO9,-0.5057501508422853,[-0.5057501508422853]
JVASP-155717,LiZn2Ga2,-2.9211994125076295,[-3.7652234746643067, -2.9211994125076295]
JVASP-156920,LiLaZn2,-2.3442367030807496,[-2.3442367030807496, -3.06045767800293]
JVASP-148235,SrCaZnSi2O7,4.4926882074645995,[4.4926882074645995, -1.223696680230713]
JVASP-146360,Rb2Zn5Sb4,-1.724814922971344,[-4.114866109056091, -4.038106055421448, -3.3655643178649903, -2.646595688027954, -3.4448223425575257, -2.5489493920036317, -2.851097436112976, -2.725379438562012, -2.504897625608063, -1.724814922971344]
JVASP-156932,YbBaZn2,-2.7608828260131837,[-2.7608828260131837, -3.926269979638672]
JVASP-155740,SrZn2In2,-3.724205942315674,[-4.067187996072388, -3.724205942315674]
JVASP-156942,LiThZn2,-2.011842043561554,[-2.4711333824821473, -2.011842043561554]
JVASP-156943,LiZrZn2,-1.6332376910873414,[-2.240921111268616, -1.6332376910873414]
JVASP-141945,K3Zn2Cl7,2.0515160845092772,[0.44179251654663076, 2.0515160845092772, 0.5557573126129149, 0.6677291677764892]
JVASP-145247,NaZnAsH4O6,1.6769507215789794,[-0.37121507660827646, 1.6769507215789794]
JVASP-147327,NaCaScZnSi4O12,2.3330817507080077,[2.3330817507080077]
JVASP-157321,Mg2ZnPb,-4.2055892659851075,[-4.2055892659851075]
JVASP-151364,Ba2UZnO6,-1.1289572431274415,[-1.1289572431274415]
JVASP-151611,Ba2ZnWO6,-2.0890288068481446,[-2.0890288068481446]
JVASP-147145,LiZnFe4O8,-1.692252130670166,[-1.692252130670166]
JVASP-155624,SrZn2Pt2,-1.7924184514709474,[-3.014145465058899, -1.7924184514709474]
JVASP-155282,KZn5,-3.5687081529327394,[-3.9099654866882325, -3.9517631246276856, -3.5687081529327394, -4.4111907197662354, -4.789409132165527]
JVASP-152786,Rb2ZnI4,-0.47951135174713144,[-1.719912500543213, -0.47951135174713144]
JVASP-145831,LiZnRhF6,1.1333170221618651,[0.4463639543823241, 1.1333170221618651]
JVASP-151623,Ba2ZnSb2,-1.9494238807388307,[-4.600145430726624, -1.9494238807388307]
JVASP-155635,SrLi2Zn2,-3.4545111371704103,[-3.4545111371704103, -3.4756457521148683]
JVASP-157025,LiSm2Zn,-2.260136814279175,[-2.260136814279175]
JVASP-155636,SrZn2Ni2,-2.0713495923706056,[-3.425634117288208, -2.0713495923706056]
JVASP-149273,LiZnBi,-2.8252367092796327,[-3.601742060346222, -2.8252367092796327]
JVASP-151635,Sr2ZnMoO6,-1.5091891004272462,[-1.5091891004272462]
JVASP-153478,NaZnSO4F,2.29197004302063,[2.29197004302063, 1.119661121206665]
JVASP-146041,Sr4ZnIr3O12,0.06793454154052725,[0.06793454154052725]
JVASP-149294,BaZnPb,-3.449921341104126,[-3.449921341104126, -3.450278015298462]
JVASP-144856,LiV3Zn2O8,-0.8157038404174806,[-2.168260545892334, -2.314798326654053, -0.8157038404174806, -1.4414181424804688]
JVASP-156253,KZnBi,-2.896886320275879,[-3.0976438237854005, -2.896886320275879]
JVASP-155659,KZn2As2,-1.9432280375190736,[-2.4408782436080934, -1.9432280375190736]
JVASP-151414,Sr2ZnWO6,-1.3671731664367677,[-1.3671731664367677]
JVASP-155662,SrZn2Pd2,-2.0661728097625733,[-3.462947280568695, -2.0661728097625733]
JVASP-156268,RbZnBi,-3.037981004876709,[-3.037981004876709, -3.049145908517456]
JVASP-156276,RbZnSb,-2.563235731286621,[-2.563235731286621, -2.8713612271972657]
JVASP-155684,SrZn2Rh2,-0.7608020021148683,[-3.1148711754508973, -0.7608020021148683]
JVASP-146986,Ba3Zn3TeP2O14,3.32446721060791,[3.32446721060791, 1.0135569856933593, 0.32675126059570303]
JVASP-157080,Yb2LiZn,-2.525534124536133,[-2.525534124536133]
JVASP-157254,LiPr2Zn,-2.5077660991378785,[-2.5077660991378785]
JVASP-155693,NaAl2Zn2,-3.6173242046066285,[-3.6173242046066285, -3.8709106160827638]
JVASP-156872,NaPmZn2,-3.0655810548492433,[-3.068608493966675, -3.0655810548492433]
JVASP-155696,CaZn2Pt2,-1.3327059461303712,[-3.1376387788482667, -1.3327059461303712]
JVASP-156876,SrLaZn2,-2.2958879186340333,[-2.2958879186340333, -3.3719525052734376]
JVASP-155701,SrZn2Cu2,-2.9401044561096192,[-3.3354599191375733, -2.9401044561096192]
JVASP-156883,LiDyZn2,-2.754551263017273,[-2.754551263017273, -2.9640458537765504]
JVASP-156887,BaCaZn2,-3.1407789899536134,[-3.1407789899536134, -3.6092447950073243]
JVASP-155710,NaZn2Si2,-1.2996827079483033,[-3.9830579473205567, -1.2996827079483033]
JVASP-149459,Ba3ZnN2O,-1.8370465947814942,[-1.8370465947814942]
JVASP-155187,K2ZnCl4,0.5889753387741088,[0.5889753387741088]
JVASP-146468,KZnH5S2O10,0.9406066225341796,[0.9406066225341796]
JVASP-156906,LiHoZn2,-2.6445514871307374,[-2.6445514871307374, -3.080307812852478]
JVASP-151491,Ba2ZnBi2,-2.78844520585022,[-4.3587264730163575, -2.78844520585022]
JVASP-133489,Ca2AlZn16,-2.551460476083374,[-3.9329528524108888, -4.190765590829468, -4.008344383401489, -3.993343086404419, -3.729850025338745, -4.024337740106201, -3.768315286798096, -3.4833435727783204, -3.261557073754883, -2.551460476083374, -3.3683612062164308, -3.76346585289917, -3.9747376157470704, -3.8119053556152345, -4.15975377098999, -3.947448940438843]
JVASP-147030,CaZnPd,-2.62335297600708,[-3.7384020401664735, -3.200370938939667, -2.9648424102493287, -2.62335297600708]
JVASP-150602,Ba2ZnWO6,-2.639534444970703,[-2.639534444970703]
JVASP-150609,Sr2ZnMoO6,-1.4763760282226563,[-1.4763760282226563]
JVASP-146488,CaMgZn,-2.3962087346740724,[-3.428882808847046, -3.4452883912750245, -3.0818566991516114, -2.3962087346740724]
JVASP-150882,Ba2UZnO6,-1.1405672742553712,[-1.1405672742553712]
JVASP-133611,Sr9Zn4Cu2O14,1.5050359056762694,[0.6656546877197265, 1.1599746034912108, 1.5050359056762694, 0.27270772917785635]
JVASP-152896,Rb2ZnCl4,1.5409215973190307,[-0.30809864537200937, 1.5409215973190307]
JVASP-151311,SrZn2Sn2,-3.053560407323456,[-4.113137693566895, -3.8906500055023194, -3.6491521908470155, -3.053560407323456]
JVASP-152715,Sr2Zn2As3,-1.2057332708068849,[-3.6606180383392335, -2.992960424584961, -1.2057332708068849, -1.4948024465270997]
JVASP-148166,Ba2ZnTe3,-1.9785307361312867,[-2.8475328399368287, -1.9785307361312867, -2.2391899539657594, -2.219772429627991]
JVASP-147272,Na2ZnSn2S6,-1.1737328483291627,[-1.5375646068283082, -1.1737328483291627]
JVASP-153378,Li2ZnGe,-2.8028673841186524,[-2.878573150796509, -2.8846062137313844, -2.8028673841186524, -2.951742024583435]
JVASP-147290,ZnC2N8O4,-3.4160380078979493,[-4.092668981713867, -3.4160380078979493]
JVASP-146806,Na2ZnGe2Se6,-3.0727693750091554,[-3.0727693750091554, -3.11838790909729]
JVASP-157386,Mg2ZnSn,-4.352169485253906,[-4.352169485253906]
JVASP-157362,NaMg2Zn,-3.043525190515137,[-3.043525190515137]
JVASP-156311,MgZn2As2,-1.6929924203582765,[-3.3018542243667603, -1.6929924203582765]
JVASP-155567,Sr2ZnTe2F2,-2.7481546117492677,[-2.7481546117492677]
JVASP-157380,Mg2TlZn,-4.145858497781372,[-4.145858497781372]
JVASP-155744,TlZn2Sn2,-3.0764901353546144,[-4.350588293237305, -3.0764901353546144]
JVASP-155746,CaZn2In2,-3.669396133584595,[-4.117201299829102, -3.669396133584595]
JVASP-155561,Ca2ZnTe2F2,-3.344597788018799,[-3.344597788018799]
JVASP-156052,SrZn2Si2,-2.026020736856079,[-4.097130150956726, -2.026020736856079]
